player,team,pass_attempts,throwaways,spikes,drops,drop_pct,bad_throws,bad_throw_pct,season,pfr_id,pocket_time,times_blitzed,times_hurried,times_hit,times_pressured,pressure_pct,batted_balls,on_tgt_throws,on_tgt_pct,rpo_plays,rpo_yards,rpo_pass_att,rpo_pass_yards,rpo_rush_att,rpo_rush_yards,pa_pass_att,pa_pass_yards
Ben Roethlisberger,PIT,675,7,3,24,3.6,122,18.3,2018,RoetBe00,2.2,164,58,37,119,16.7,,,,,,,,,,,
Patrick Mahomes,KC,580,24,1,28,5,95,17.1,2018,MahoPa00,2.4,127,121,67,214,33.8,,,,,,,,,,,
Matt Ryan,ATL,608,18,1,36,6.1,79,13.4,2018,RyanMa00,2.3,201,53,48,143,21.4,,,,,,,,,,,
Jared Goff,LAR,561,29,2,13,2.5,93,17.5,2018,GoffJa00,2.6,151,66,34,133,21.7,,,,,,,,,,,
Andrew Luck,IND,639,8,2,37,5.9,88,14,2018,LuckAn00,2.3,154,50,51,119,17.6,,,,,,,,,,,
Aaron Rodgers,GB,597,48,2,27,4.9,106,19.4,2018,RodgAa00,2.5,153,90,38,177,26,,,,,,,,,,,
Tom Brady,NE,570,22,2,25,4.6,103,18.9,2018,BradTo00,2.4,108,48,39,108,18.1,,,,,,,,,,,
Philip Rivers,LAC,508,13,0,23,4.6,64,12.9,2018,RivePh00,2.4,151,45,46,123,22.6,,,,,,,,,,,
Eli Manning,NYG,576,9,1,24,4.2,94,16.6,2018,MannEl00,2.3,122,64,41,152,24.2,,,,,,,,,,,
Kirk Cousins,MIN,606,17,3,25,4.3,68,11.6,2018,CousKi00,2.5,143,97,39,176,26.5,,,,,,,,,,,
Deshaun Watson,HOU,505,13,6,17,3.5,84,17.3,2018,WatsDe00,2.5,163,77,59,198,31.7,,,,,,,,,,,
Derek Carr,OAK,553,21,7,33,6.3,66,12.6,2018,CarrDe02,2.2,141,69,28,148,24.2,,,,,,,,,,,
Drew Brees,NO,489,13,0,22,4.6,49,10.3,2018,BreeDr00,2.3,137,43,24,84,16.5,,,,,,,,,,,
Case Keenum,DEN,586,35,2,34,6.2,95,17.3,2018,KeenCa00,2.3,180,77,51,162,25.6,,,,,,,,,,,
Dak Prescott,DAL,526,13,0,22,4.3,89,17.3,2018,PresDa01,2.4,168,73,49,178,29.1,,,,,,,,,,,
Matthew Stafford,DET,555,15,1,29,5.4,94,17.4,2018,StafMa00,2.3,165,56,34,130,21.4,,,,,,,,,,,
Baker Mayfield,CLE,486,13,3,31,6.6,81,17.2,2018,MayfBa00,2.2,169,84,18,127,24.1,,,,,,,,,,,
Russell Wilson,SEA,427,24,8,18,4.6,61,15.4,2018,WilsRu00,2.5,145,82,31,164,32.3,,,,,,,,,,,
Cam Newton,CAR,471,16,3,24,5.3,62,13.7,2018,NewtCa00,2.3,135,49,22,100,19,,,,,,,,,,,
Mitchell Trubisky,CHI,434,10,1,11,2.6,78,18.4,2018,TrubMi00,2.4,120,59,18,101,20.4,,,,,,,,,,,
Carson Wentz,PHI,401,3,2,15,3.8,57,14.4,2018,WentCa00,2.3,124,44,31,106,23.7,,,,,,,,,,,
Jameis Winston,TB,378,5,1,18,4.8,60,16.1,2018,WinsJa00,2.4,84,43,29,99,22.4,,,,,,,,,,,
Sam Darnold,NYJ,414,24,1,19,4.9,75,19.3,2018,DarnSa00,2.4,107,69,12,111,24.2,,,,,,,,,,,
Blake Bortles,JAX,403,12,0,24,6.1,70,17.9,2018,BortBl00,2.4,128,30,31,92,19.4,,,,,,,,,,,
Andy Dalton,CIN,365,9,3,18,5.1,55,15.6,2018,DaltAn00,2.3,100,54,15,90,22.6,,,,,,,,,,,
Marcus Mariota,TEN,331,12,0,15,4.7,53,16.6,2018,MariMa01,2.4,108,59,14,115,28.3,,,,,,,,,,,
Joe Flacco,BAL,379,9,3,22,6,65,17.7,2018,FlacJo00,2.3,116,47,22,85,21.3,,,,,,,,,,,
Ryan Fitzpatrick,TB,246,6,0,8,3.3,36,15,2018,FitzRy00,2.4,76,24,27,65,23,,,,,,,,,,,
Josh Rosen,ARI,393,22,1,21,5.7,76,20.5,2018,RoseJo01,2.3,106,39,38,122,27,,,,,,,,,,,
Nick Mullens,SF,274,13,4,12,4.7,34,13.2,2018,MullNi00,2.4,79,32,41,90,30.8,,,,,,,,,,,
Alex Smith,WAS,328,14,2,15,4.8,56,17.9,2018,SmitAl03,2.4,82,51,23,96,25.9,,,,,,,,,,,
Josh Allen,BUF,320,17,0,18,5.9,78,25.7,2018,AlleJo02,2.5,126,54,33,115,29.2,,,,,,,,,,,
Ryan Tannehill,MIA,274,9,1,11,4.2,41,15.5,2018,TannRy00,2.3,97,30,32,97,30.7,,,,,,,,,,,
Nick Foles,PHI,195,3,2,8,4.2,20,10.5,2018,FoleNi00,2.4,38,19,16,44,21.4,,,,,,,,,,,
C.J. Beathard,SF,169,5,0,10,6.1,27,16.5,2018,BeatC.00,2.3,62,10,18,46,23.2,,,,,,,,,,,
Brock Osweiler,MIA,178,11,1,5,3,29,17.5,2018,OsweBr00,2.3,41,31,11,59,29.6,,,,,,,,,,,
Lamar Jackson,BAL,170,6,0,7,4.3,34,20.7,2018,JackLa00,2.4,51,33,9,58,28.3,,,,,,,,,,,
Jeff Driskel,CIN,176,5,0,12,7,37,21.6,2018,DrisJe00,2.3,57,9,16,41,20.2,,,,,,,,,,,
Jimmy Garoppolo,SF,89,2,0,5,5.7,16,18.4,2018,GaroJi00,2.4,21,16,4,33,30.8,,,,,,,,,,,
Cody Kessler,JAX,131,10,0,9,7.4,18,14.9,2018,KessCo00,2.5,42,27,13,62,36.9,,,,,,,,,,,
Blaine Gabbert,TEN,101,2,0,4,4,24,24.2,2018,GabbBl00,2.1,28,9,2,16,15.1,,,,,,,,,,,
Josh Johnson,WAS,91,6,0,8,9.4,12,14.1,2018,JohnJo05,2.5,36,18,6,33,29.2,,,,,,,,,,,
Josh McCown,NYJ,110,3,1,7,6.6,24,22.6,2018,McCoJo01,2.1,47,8,14,29,23.8,,,,,,,,,,,
Chase Daniel,CHI,76,0,0,2,2.6,12,15.8,2018,DaniCh00,2.4,20,5,5,19,21.8,,,,,,,,,,,
Tyrod Taylor,CLE,85,5,1,5,6.3,19,24.1,2018,TaylTy00,2.4,37,21,9,43,39.4,,,,,,,,,,,
Derek Anderson,BUF,70,1,0,3,4.3,12,17.4,2018,AndeDe00,2.4,18,14,5,24,32,,,,,,,,,,,
Sam Bradford,ARI,80,2,0,5,6.4,11,14.1,2018,BradSa00,2.2,17,8,9,23,26.4,,,,,,,,,,,
Colt McCoy,WAS,54,0,2,0,0,7,13.5,2018,McCoCo00,2.1,6,8,3,17,25.4,,,,,,,,,,,
Taylor Heinicke,CAR,57,3,1,0,0,14,26.4,2018,HeinTa00,2.6,17,5,8,15,24.6,,,,,,,,,,,
Nathan Peterman,BUF,81,3,0,3,3.8,15,19.2,2018,PeteNa00,2.4,32,12,7,26,27.1,,,,,,,,,,,
Kyle Allen,CAR,31,1,0,0,0,9,30,2018,AlleKy00,2.3,11,3,5,8,23.5,,,,,,,,,,,
Matt Barkley,BUF,25,0,0,0,0,4,16,2018,BarkMa00,2.4,8,2,3,6,23.1,,,,,,,,,,,
DeShone Kizer,GB,42,3,1,4,10.5,10,26.3,2018,KizeDe00,2.5,5,5,4,13,26,,,,,,,,,,,
Mike Glennon,ARI,21,0,0,0,0,5,23.8,2018,GlenMi00,2,4,1,0,2,9.1,,,,,,,,,,,
Mark Sanchez,WAS,35,0,0,6,17.1,5,14.3,2018,SancMa00,2.3,8,10,4,21,48.8,,,,,,,,,,,
Teddy Bridgewater,NO,23,1,0,0,0,2,9.1,2018,BridTe00,2.2,6,5,0,7,25,,,,,,,,,,,
Odell Beckham Jr.,NYG,2,0,0,0,0,0,0,2018,BeckOd00,3,2,0,0,0,0,,,,,,,,,,,
Kevin Byard,TEN,1,0,0,0,0,0,0,2018,ByarKe01,0,0,0,0,0,0,,,,,,,,,,,
Taysom Hill,NO,7,0,0,2,28.6,1,14.3,2018,HillTa00,2.4,1,0,1,2,20,,,,,,,,,,,
Jarvis Landry,CLE,2,0,0,0,0,0,0,2018,LandJa00,1.9,0,0,0,0,0,,,,,,,,,,,
Matt Cassel,DET,17,1,0,1,6.3,5,31.3,2018,CassMa00,2.3,3,1,0,2,10.5,,,,,,,,,,,
Albert Wilson,MIA,1,0,0,0,0,0,0,2018,WilsAl02,1.1,0,0,0,0,0,,,,,,,,,,,
Christian McCaffrey,CAR,1,0,0,0,0,0,0,2018,McCaCh01,2.3,1,0,0,0,0,,,,,,,,,,,
Joshua Dobbs,PIT,12,0,0,0,0,2,16.7,2018,DobbJo00,2.4,2,1,1,2,14.3,,,,,,,,,,,
Julian Edelman,NE,2,0,0,0,0,0,0,2018,EdelJu00,1,0,0,0,0,0,,,,,,,,,,,
Garrett Gilbert,CAR,3,1,0,0,0,0,0,2018,GilbGa01,3.3,3,1,1,3,75,,,,,,,,,,,
Larry Fitzgerald,ARI,1,0,0,0,0,0,0,2018,FitzLa00,3.3,0,0,0,0,0,,,,,,,,,,,
Chad Henne,KC,3,0,0,1,33.3,0,0,2018,HennCh01,1.8,2,0,0,0,0,,,,,,,,,,,
Danny Amendola,MIA,1,0,0,0,0,0,0,2018,AmenDa00,1,0,0,0,0,0,,,,,,,,,,,
Emmanuel Sanders,DEN,1,0,0,0,0,0,0,2018,SandEm00,3.5,0,0,0,0,0,,,,,,,,,,,
Sean Mannion,LAR,3,0,0,1,33.3,0,0,2018,MannSe00,2.2,1,0,0,0,0,,,,,,,,,,,
Nate Sudfeld,PHI,2,0,0,0,0,1,50,2018,SudfNa00,2.1,1,1,0,1,50,,,,,,,,,,,
Robert Griffin III,BAL,6,1,0,0,0,2,40,2018,GrifRo01,2.4,4,1,0,1,16.7,,,,,,,,,,,
Darius Jennings,TEN,1,0,0,0,0,0,0,2018,JennDa00,1.7,1,0,0,0,0,,,,,,,,,,,
Sam Koch,BAL,1,0,0,0,0,0,0,2018,KochSa20,0,0,0,0,0,0,,,,,,,,,,,
Matt Schaub,ATL,7,0,0,1,14.3,1,14.3,2018,SchaMa00,1.5,0,0,0,0,0,,,,,,,,,,,
Johnny Hekker,LAR,4,0,0,0,0,0,0,2018,HekkJo00,0,0,0,0,0,0,,,,,,,,,,,
Nelson Agholor,PHI,1,0,0,0,0,0,0,2018,AghoNe00,1,0,0,0,0,0,,,,,,,,,,,
Logan Thomas,BUF,1,0,0,0,0,0,0,2018,ThomLo00,0,0,0,0,0,0,,,,,,,,,,,
Derrick Henry,TEN,3,0,0,0,0,1,33.3,2018,HenrDe00,1.4,0,1,0,1,33.3,,,,,,,,,,,
Colby Wadman,DEN,1,0,0,0,0,0,0,2018,WadmCo00,0,0,0,0,0,0,,,,,,,,,,,
A.J. McCarron,OAK,3,2,0,0,0,0,0,2018,McCaA.00,2.6,0,1,1,3,75,,,,,,,,,,,
Anthony Miller,CHI,1,0,0,0,0,0,0,2018,MillAn02,1.7,1,0,1,1,100,,,,,,,,,,,
Matt Prater,DET,1,0,0,0,0,0,0,2018,PratMa20,0,0,0,0,0,0,,,,,,,,,,,
Geno Smith,LAC,4,1,0,0,0,0,0,2018,SmitGe00,2.5,1,2,2,5,83.3,,,,,,,,,,,
Brian Hoyer,NE,2,0,0,0,0,1,50,2018,HoyeBr00,1.4,0,0,0,0,0,,,,,,,,,,,
Tress Way,WAS,1,0,0,0,0,0,0,2018,WayxTr00,0,0,0,0,0,0,,,,,,,,,,,
Mohamed Sanu,ATL,2,0,0,0,0,1,50,2018,SanuMo00,2.8,1,0,0,0,0,,,,,,,,,,,
Logan Cooke,JAX,1,0,0,0,0,0,0,2018,CookLo00,0,0,0,0,0,0,,,,,,,,,,,
Kenny Stills,MIA,1,0,0,0,0,0,0,2018,StilKe00,1.2,0,0,0,0,0,,,,,,,,,,,
Chris Boswell,PIT,1,0,0,0,0,0,0,2018,BoswCh00,0,0,0,0,0,0,,,,,,,,,,,
Jacoby Brissett,IND,4,0,0,0,0,1,25,2018,BrisJa00,2.2,2,1,1,2,50,,,,,,,,,,,
Tarik Cohen,CHI,1,0,0,0,0,0,0,2018,CoheTa00,1.5,0,0,0,0,0,,,,,,,,,,,
Bryan Anger,TB,1,0,0,0,0,0,0,2018,AngeBr00,0,0,0,0,0,0,,,,,,,,,,,
Cole Beasley,DAL,1,0,0,0,0,1,100,2018,BeasCo00,5.1,1,1,0,1,100,,,,,,,,,,,
Corey Bojorquez,BUF,1,0,0,0,0,0,0,2018,BojoCo00,0,0,0,0,0,0,,,,,,,,,,,
Tyler Boyd,CIN,1,0,0,0,0,1,100,2018,BoydTy00,3.1,1,0,1,1,100,,,,,,,,,,,
Antonio Brown,PIT,1,0,0,0,0,1,100,2018,BrowAn04,0.7,0,0,1,1,100,,,,,,,,,,,
Eric Ebron,IND,1,0,0,0,0,1,100,2018,EbroEr00,2.7,0,0,0,0,0,,,,,,,,,,,
Bruce Ellington,2TM,1,1,0,0,0,0,0,2018,ElliBr00,,0,0,0,0,0,,,,,,,,,,,
Dontrell Hilliard,CLE,1,0,0,0,0,1,100,2018,HillDo00,2.7,0,0,0,0,0,,,,,,,,,,,
DeAndre Hopkins,HOU,1,0,0,0,0,1,100,2018,HopkDe00,1.4,0,0,0,0,0,,,,,,,,,,,
Zay Jones,BUF,1,0,0,0,0,1,100,2018,JoneZa00,1.1,0,0,1,1,100,,,,,,,,,,,
Kyle Lauletta,NYG,5,0,0,0,0,2,40,2018,LaulKy00,2.5,2,0,3,3,60,,,,,,,,,,,
JK Scott,GB,1,0,0,0,0,0,0,2018,ScotJK00,0,0,0,0,0,0,,,,,,,,,,,
Dede Westbrook,JAX,1,0,0,0,0,1,100,2018,WestDe00,2.8,1,0,1,1,100,,,,,,,,,,,
Jameis Winston,TB,626,22,2,23,3.8,124,20.6,2019,WinsJa00,2.5,241,60,54,161,22.9,11,421,69.9,9,82,8,80,1,2,93,1133
Dak Prescott,DAL,596,14,1,36,6.2,86,14.8,2019,PresDa01,2.6,155,40,57,120,18.8,9,451,77.6,54,453,45,383,9,70,129,1239
Jared Goff,LAR,626,15,1,27,4.4,123,20.2,2019,GoffJa00,2.6,219,52,48,122,18.5,17,437,71.6,2,3,0,0,2,3,182,1564
Philip Rivers,LAC,591,16,3,25,4.4,88,15.4,2019,RivePh00,2.5,114,40,56,130,20.6,13,439,76.7,36,403,36,403,0,0,90,861
Matt Ryan,ATL,616,27,1,17,2.9,86,14.6,2019,RyanMa00,2.5,199,54,62,164,23.9,19,443,75.3,31,253,31,253,0,0,108,827
Russell Wilson,SEA,516,20,3,17,3.4,91,18.5,2019,WilsRu00,2.5,221,71,57,176,28.9,9,376,76.3,51,377,38,344,9,33,117,1059
Tom Brady,NE,613,40,0,34,5.9,118,20.6,2019,BradTo00,2.5,198,55,37,119,18.5,6,419,73.1,21,119,21,119,0,0,124,980
Derek Carr,OAK,513,28,2,25,5.2,53,11,2019,CarrDe02,2.5,107,67,17,113,20.3,9,399,82.6,18,120,17,108,1,12,84,709
Carson Wentz,PHI,607,10,1,28,4.7,106,17.8,2019,WentCa00,2.4,184,67,53,157,23.4,16,431,72.3,79,447,68,396,7,51,149,1062
Patrick Mahomes,KC,484,19,0,25,5.4,85,18.3,2019,MahoPa00,2.5,108,54,34,105,20,6,359,77.2,71,497,64,469,6,28,115,908
Aaron Rodgers,GB,569,31,1,24,4.5,114,21.2,2019,RodgAa00,2.6,154,57,45,138,21.9,3,401,74.7,32,107,30,107,0,0,124,966
Jimmy Garoppolo,SF,476,7,2,28,6,64,13.7,2019,GaroJi00,2.4,201,41,32,109,20.8,6,377,80.7,24,349,23,349,0,0,125,1438
Deshaun Watson,HOU,495,15,2,21,4.4,80,16.7,2019,WatsDe00,2.5,167,47,39,130,22.3,6,367,76.8,92,637,65,517,25,120,94,813
Baker Mayfield,CLE,534,19,2,30,5.8,93,18.1,2019,MayfBa00,2.3,211,65,24,129,21.8,20,362,70.6,60,470,58,471,1,-1,125,1128
Kyler Murray,ARI,542,24,4,17,3.3,92,17.9,2019,MurrKy00,2.3,151,63,16,127,20.6,18,378,73.5,108,780,70,536,33,244,116,938
Kirk Cousins,MIN,444,24,0,17,4,65,15.5,2019,CousKi00,2.7,107,48,30,106,22,9,332,79,1,46,1,46,0,0,124,1235
Ryan Fitzpatrick,MIA,502,7,3,28,5.7,87,17.7,2019,FitzRy00,2.3,192,48,66,154,26.7,15,358,72.8,15,75,13,75,0,0,66,564
Andy Dalton,CIN,528,17,7,27,5.4,92,18.3,2019,DaltAn00,2.3,188,36,24,97,16.9,14,362,71.8,38,206,33,198,5,8,103,692
Kyle Allen,CAR,489,25,1,28,6,77,16.6,2019,AlleKy00,2.4,131,50,28,124,22.4,14,353,76.2,56,446,52,439,2,7,103,787
Gardner Minshew II,JAX,470,18,1,24,5.3,84,18.6,2019,MinsGa00,2.4,147,55,29,117,21.2,8,332,73.6,19,197,16,194,2,3,58,658
Mitchell Trubisky,CHI,516,7,3,28,5.5,93,18.4,2019,TrubMi00,2.3,140,56,32,126,21.9,8,377,74.5,40,203,26,132,14,71,86,692
Lamar Jackson,BAL,401,11,2,14,3.6,68,17.5,2019,JackLa00,2.6,138,31,21,75,16.2,12,295,76,173,1259,77,588,92,671,116,892
Josh Allen,BUF,461,25,3,31,7.2,88,20.3,2019,AlleJo02,2.3,201,45,43,126,23.2,10,317,73.2,42,267,32,240,8,27,93,787
Daniel Jones,NYG,459,12,0,17,3.8,80,17.9,2019,JoneDa05,2.5,131,48,66,152,29,6,318,71.1,37,325,28,297,5,28,75,639
Sam Darnold,NYJ,441,23,2,25,6,74,17.8,2019,DarnSa00,2.5,166,63,39,135,28,10,313,75.2,35,241,32,235,2,6,92,675
Drew Brees,NO,378,9,5,13,3.6,39,10.7,2019,BreeDr00,2.3,114,25,17,54,13.8,4,306,84.1,2,27,2,27,0,0,53,492
Jacoby Brissett,IND,447,21,3,24,5.7,78,18.4,2019,BrisJa00,2.6,135,56,54,137,27,12,315,74.5,60,343,50,305,9,38,110,827
Ryan Tannehill,TEN,286,5,3,9,3.2,35,12.6,2019,TannRy00,2.6,104,25,24,80,24.1,6,225,80.9,7,90,5,85,2,5,74,1095
Matthew Stafford,DET,291,5,2,9,3.2,59,20.8,2019,StafMa00,2.4,87,23,20,61,19.1,5,201,70.8,14,90,8,52,5,38,69,672
Joe Flacco,DEN,262,12,1,15,6,40,16.1,2019,FlacJo00,2.4,76,41,14,81,27.6,9,194,77.9,4,16,4,16,0,0,38,287
Mason Rudolph,PIT,283,14,0,16,5.9,54,20.1,2019,RudoMa00,2.6,113,35,30,80,26,4,192,71.4,14,89,13,88,1,1,39,165
Case Keenum,WAS,247,7,2,12,5,41,17.2,2019,KeenCa00,2.5,64,35,27,77,29.1,6,173,72.7,14,51,14,51,0,0,48,425
Teddy Bridgewater,NO,196,9,0,16,8.6,22,11.8,2019,BridTe00,2.5,46,22,10,44,20,4,152,81.3,0,0,0,0,0,0,29,360
Dwayne Haskins,WAS,203,6,1,14,7.1,38,19.4,2019,HaskDw00,2.6,75,30,17,76,31.1,4,145,74,7,35,6,35,0,0,40,335
Marcus Mariota,TEN,160,9,2,10,6.7,31,20.8,2019,MariMa01,2.4,57,23,12,60,30.3,2,107,71.8,19,165,14,147,5,18,42,473
Devlin Hodges,PIT,160,15,0,9,6.2,28,19.3,2019,HodgDe00,2.5,73,15,13,43,23.5,2,112,77.2,14,67,12,68,2,-1,18,116
Eli Manning,NYG,147,4,0,4,2.8,28,19.6,2019,MannEl00,2.4,37,10,8,23,15,4,106,74.1,14,112,14,112,0,0,34,282
Drew Lock,DEN,156,4,0,9,5.9,27,17.8,2019,LockDr00,2.6,47,16,18,39,22.7,1,111,73,13,91,12,91,0,0,31,284
David Blough,DET,174,6,0,8,4.8,43,25.6,2019,BlouDa00,2.6,63,18,12,44,22.7,6,101,60.1,2,0,2,0,0,0,31,220
Nick Foles,JAX,117,5,0,4,3.6,13,11.6,2019,FoleNi00,2.3,27,7,5,20,15.7,2,88,78.6,6,36,5,23,1,13,14,92
Jeff Driskel,DET,105,5,2,3,3.1,23,23.5,2019,DrisJe00,2.6,26,18,15,44,34.4,2,68,69.4,8,40,0,0,8,40,14,44
Matt Moore,KC,91,1,1,3,3.4,15,16.9,2019,MoorMa01,2.4,21,6,11,25,25,3,68,76.4,14,137,13,137,0,0,30,343
Matt Schaub,ATL,67,1,2,0,0,10,15.6,2019,SchaMa00,2.2,17,2,6,10,14.5,0,50,78.1,2,0,2,0,0,0,13,143
Cam Newton,CAR,89,2,1,3,3.5,26,30.2,2019,NewtCa00,2.2,43,12,5,23,24,2,54,62.8,15,116,12,116,2,0,22,195
Josh Rosen,MIA,109,1,0,8,7.4,24,22.2,2019,RoseJo01,2.4,28,16,15,47,36.7,7,73,67.6,11,26,10,26,0,0,15,40
Brandon Allen,DEN,84,9,0,3,4,18,24,2019,AlleBr00,2.3,30,5,4,18,18.4,2,51,68,8,25,7,14,1,11,24,273
Ryan Finley,CIN,87,3,0,4,4.8,19,22.6,2019,FinlRy00,2.7,40,19,7,37,35.6,2,52,61.9,3,1,2,0,1,1,14,131
Chase Daniel,CHI,64,0,0,4,6.3,9,14.1,2019,DaniCh00,2.5,12,8,5,20,27.8,1,51,79.7,4,26,4,26,0,0,14,82
Luke Falk,NYJ,73,2,0,4,5.6,11,15.5,2019,FalkLu00,2.4,33,12,9,37,41.6,3,53,74.6,3,22,3,22,0,0,14,113
Brian Hoyer,IND,65,1,0,3,4.7,14,21.9,2019,HoyeBr00,2.5,30,7,7,19,26.4,0,45,70.3,3,30,3,30,0,0,9,80
Matt Barkley,BUF,51,0,1,5,10,9,18,2019,BarkMa00,2.2,24,2,1,5,9.4,3,34,68,0,0,0,0,0,0,10,106
Ben Roethlisberger,PIT,62,0,0,7,11.3,12,19.4,2019,RoetBe00,2.3,17,14,2,18,27.7,2,44,71,0,0,0,0,0,0,1,8
Will Grier,CAR,52,3,0,2,4.1,11,22.4,2019,GrieWi00,2.4,9,12,2,20,31.7,1,31,63.3,2,0,2,0,0,0,7,60
Robert Griffin III,BAL,38,1,0,0,0,6,16.2,2019,GrifRo01,2.5,24,0,4,9,20.5,2,27,73,15,69,8,42,6,27,10,42
A.J. McCarron,HOU,37,5,0,0,0,7,21.9,2019,McCaA.00,2.8,15,8,2,15,31.9,0,25,78.1,2,7,2,7,0,0,7,36
Sean Mannion,MIN,21,0,0,3,14.3,3,14.3,2019,MannSe00,2.5,3,8,3,11,52.4,2,16,76.2,0,0,0,0,0,0,2,11
Colt McCoy,WAS,27,0,0,0,0,6,22.2,2019,McCoCo00,2.4,7,3,3,12,34.3,1,20,74.1,0,0,0,0,0,0,4,40
Mike Glennon,OAK,10,0,0,0,0,3,30,2019,GlenMi00,2.5,4,0,2,2,20,0,7,70,0,0,0,0,0,0,0,0
Taysom Hill,NO,6,0,0,0,0,1,16.7,2019,HillTa00,2.3,1,1,0,2,22.2,0,3,50,10,28,0,0,9,28,1,0
Brett Hundley,ARI,11,0,0,1,9.1,1,9.1,2019,HundBr00,2.5,4,0,0,2,13.3,0,8,72.7,4,34,2,28,1,6,3,28
Julian Edelman,NE,2,0,0,0,0,0,0,2019,EdelJu00,3.7,0,0,1,1,50,0,2,100,1,15,1,15,0,0,1,15
Courtland Sutton,DEN,1,0,0,0,0,0,0,2019,SuttCo00,4.3,1,0,0,0,0,0,1,100,0,0,0,0,0,0,0,0
Jaylen Samuels,PIT,5,0,0,0,0,1,20,2019,SamuJa00,1.2,3,0,1,1,20,0,4,80,11,47,1,0,10,47,1,0
Emmanuel Sanders,2TM,1,0,0,0,0,0,0,2019,SandEm00,,0,0,0,0,0,0,1,100,0,0,0,0,0,0,1,35
James White,NE,1,0,0,0,0,0,0,2019,WhitJa02,2.8,0,0,0,0,0,0,1,100,3,1,0,0,3,1,0,0
Tyrod Taylor,LAC,6,0,0,1,16.7,1,16.7,2019,TaylTy00,2.1,1,0,0,0,0,0,5,83.3,3,-1,1,-2,2,1,2,12
John Brown,BUF,1,0,0,0,0,0,0,2019,BrowJo02,3.9,0,0,0,0,0,0,1,100,0,0,0,0,0,0,1,28
Johnny Hekker,LAR,3,0,0,0,0,0,0,2019,HekkJo00,0,0,0,0,0,0,0,0,0,0,0,0,0,0,0,0,0
Alex Erickson,CIN,1,0,0,0,0,0,0,2019,EricAl01,3.8,0,0,0,0,0,0,1,100,1,26,1,26,0,0,1,26
Andy Lee,ARI,1,0,0,0,0,0,0,2019,LeexAn20,0,0,0,0,0,0,0,0,0,0,0,0,0,0,0,0,0
Josh McCown,PHI,5,0,0,1,20,0,0,2019,McCoJo01,1.9,0,0,0,0,0,1,4,80,1,13,1,13,0,0,1,13
Odell Beckham Jr.,CLE,2,0,0,0,0,0,0,2019,BeckOd00,2.3,0,0,0,0,0,0,2,100,0,0,0,0,0,0,0,0
Albert Wilson,MIA,2,0,0,0,0,1,50,2019,WilsAl02,2.3,3,0,0,1,33.3,0,1,50,5,52,1,20,3,32,1,20
Danny Amendola,DET,1,0,0,0,0,0,0,2019,AmenDa00,4.1,1,0,0,0,0,0,1,100,1,19,1,19,0,0,1,19
Ryan Griffin,TB,4,1,0,0,0,1,33.3,2019,GrifRy01,2.4,2,1,0,1,25,0,2,66.7,0,0,0,0,0,0,0,0
Logan Cooke,JAX,2,0,0,0,0,0,0,2019,CookLo00,0,0,0,0,1,33.3,0,0,0,0,0,0,0,0,0,0,0
Dante Pettis,SF,1,0,0,0,0,0,0,2019,PettDa00,1.2,0,0,0,0,0,0,1,100,0,0,0,0,0,0,0,0
Tim Boyle,GB,4,0,0,0,0,1,25,2019,BoylTi00,1.7,0,0,1,1,25,0,3,75,1,7,1,7,0,0,2,12
Jarrett Stidham,NE,4,0,0,0,0,2,50,2019,StidJa00,2.4,2,0,0,1,20,0,2,50,0,0,0,0,0,0,0,0
Alvin Kamara,NO,1,0,0,0,0,0,0,2019,KamaAl00,1.5,1,0,0,0,0,0,1,100,6,37,0,0,6,37,0,0
Michael Palardy,CAR,1,0,0,0,0,0,0,2019,PalaMi00,0,0,0,0,0,0,0,0,0,0,0,0,0,0,0,0,0
Kelvin Harmon,WAS,1,0,0,0,0,0,0,2019,HarmKe00,1.1,0,1,0,1,100,0,1,100,0,0,0,0,0,0,1,11
Brett Kern,TEN,2,0,0,0,0,0,0,2019,KernBr20,0,0,0,0,0,0,0,0,0,0,0,0,0,0,0,0,0
Andrew Beck,DEN,1,0,0,0,0,0,0,2019,BeckAn01,1.8,1,0,0,0,0,0,1,100,0,0,0,0,0,0,0,0
DeAndre Hopkins,HOU,2,0,0,0,0,0,0,2019,HopkDe00,3.1,1,0,0,0,0,0,1,50,1,6,1,6,0,0,0,0
Kenjon Barner,ATL,1,0,0,0,0,0,0,2019,BarnKe00,1.2,1,0,0,0,0,0,1,100,0,0,0,0,0,0,0,0
Blake Bortles,LAR,2,1,0,0,0,0,0,2019,BortBl00,2.3,1,0,0,0,0,0,1,100,1,1,0,0,1,1,1,0
Trevor Siemian,NYJ,6,1,0,0,0,2,40,2019,SiemTr00,2.6,4,1,1,4,50,0,3,60,2,1,2,1,0,0,2,1
Matt Haack,MIA,2,0,0,0,0,0,0,2019,HaacMa00,0,0,0,0,0,0,0,0,0,0,0,0,0,0,0,0,0
Alex Tanney,NYG,1,0,0,0,0,0,0,2019,TannAl00,2.9,1,0,0,0,0,0,1,100,0,0,0,0,0,0,1,1
Randall Cobb,DAL,1,1,0,0,0,0,0,2019,CobbRa00,4.8,0,1,0,1,100,0,0,0,0,0,0,0,0,0,0,0
Dustin Colquitt,KC,1,0,0,0,0,0,0,2019,ColqDu20,0,0,0,0,0,0,0,0,0,0,0,0,0,0,0,0,0
Stefon Diggs,MIN,1,0,0,0,0,1,100,2019,DiggSt00,4.1,0,0,0,0,0,0,0,0,0,0,0,0,0,0,0,0
Jake Elliott,PHI,1,0,0,0,0,0,0,2019,ElliJa03,0,0,0,0,0,0,0,0,0,0,0,0,0,0,0,0,0
Garrett Gilbert,CLE,3,1,0,1,50,0,0,2019,GilbGa01,2.6,1,0,0,0,0,0,1,50,0,0,0,0,0,0,0,0
Josh Gordon,2TM,1,0,0,0,0,0,0,2019,GordJo02,,0,0,1,1,100,0,0,0,0,0,0,0,0,0,1,0
Cooper Kupp,LAR,1,0,0,0,0,1,100,2019,KuppCo00,4.3,1,0,0,0,0,0,0,0,0,0,0,0,0,0,0,0
Christian McCaffrey,CAR,2,1,0,0,0,1,100,2019,McCaCh01,1.8,1,1,0,1,50,0,0,0,21,68,0,0,21,68,0,0
Zach Pascal,IND,1,0,0,0,0,1,100,2019,PascZa00,3.1,0,0,0,0,0,0,0,0,0,0,0,0,0,0,0,0
Bilal Powell,NYJ,1,0,0,0,0,1,100,2019,PoweBi00,4,0,0,0,0,0,0,0,0,4,15,0,0,4,15,0,0
Steven Sims,WAS,1,1,0,0,0,0,0,2019,SimsSt00,4.3,0,0,0,0,0,0,0,0,1,4,0,0,1,4,0,0
Sam Koch,BAL,1,0,0,0,0,0,0,2019,KochSa20,0,0,0,0,0,0,0,0,0,0,0,0,0,0,0,0,0
Deshaun Watson,HOU,544,19,2,19,3.6,79,15.1,2020,WatsDe00,2.5,168,75,47,171,26.1,5,420,80.3,73,598,56,519,13,79,81,834
Patrick Mahomes,KC,588,20,1,28,4.9,100,17.6,2020,MahoPa00,2.6,141,62,59,143,22,8,436,76.9,100,770,94,756,4,14,144,1068
Tom Brady,TB,610,13,4,31,5.2,122,20.6,2020,BradTo00,2.4,161,34,58,113,17.8,4,438,73.9,15,110,14,110,1,0,110,1119
Matt Ryan,ATL,626,18,1,33,5.4,89,14.7,2020,RyanMa00,2.6,204,55,70,166,24.3,6,458,75.5,18,166,16,166,0,0,152,1432
Josh Allen,BUF,572,22,0,25,4.5,88,16,2020,AlleJo02,2.6,244,64,47,137,21.9,4,435,79.1,82,617,62,547,18,70,160,1501
Justin Herbert,LAC,595,7,4,23,3.9,105,18,2020,HerbJu00,2.4,170,85,70,187,28.7,7,447,76.5,32,196,20,115,10,81,127,1140
Aaron Rodgers,GB,526,23,3,27,5.4,69,13.8,2020,RodgAa00,2.5,168,33,28,81,14.2,3,406,81.2,42,335,39,323,3,12,145,1210
Kirk Cousins,MIN,516,27,3,18,3.7,67,13.8,2020,CousKi00,2.6,181,56,78,173,30.2,11,395,81.3,3,12,2,10,1,2,127,1286
Russell Wilson,SEA,558,24,1,27,5.1,84,15.8,2020,WilsRu00,2.6,206,65,67,179,27.2,4,424,79.5,42,284,33,238,8,46,124,1047
Philip Rivers,IND,543,14,3,17,3.2,84,16,2020,RivePh00,2.3,124,37,37,93,16.5,11,406,77.2,44,370,44,370,0,0,86,719
Derek Carr,LVR,517,20,4,20,4.1,79,16,2020,CarrDe02,2.5,173,56,30,112,19.8,5,389,78.9,27,163,22,130,4,33,91,614
Matthew Stafford,DET,528,7,7,33,6.4,94,18.3,2020,StafMa00,2.4,179,45,39,122,21,7,399,77.6,27,273,27,273,0,0,105,959
Kyler Murray,ARI,558,25,8,13,2.5,88,16.8,2020,MurrKy00,2.4,156,55,24,106,16.7,14,405,77.1,171,1395,121,1107,43,288,107,877
Jared Goff,LAR,552,24,2,27,5.1,84,16,2020,GoffJa00,2.5,185,42,54,119,19.9,6,413,78.5,2,11,0,0,2,11,172,1384
Ryan Tannehill,TEN,481,19,0,20,4.3,63,13.6,2020,TannRy00,2.5,161,36,61,121,23,8,357,77.3,17,153,9,54,8,99,158,1541
Ben Roethlisberger,PIT,608,2,0,39,6.4,91,15,2020,RoetBe00,2.1,175,42,51,106,17,13,463,76.4,26,85,25,85,1,0,48,234
Teddy Bridgewater,CAR,492,19,2,20,4.2,61,13,2020,BridTe00,2.3,154,42,38,111,19.8,5,379,80.5,22,114,20,107,2,7,91,637
Baker Mayfield,CLE,486,28,5,21,4.6,85,18.8,2020,MayfBa00,2.7,179,49,26,101,18.8,8,339,74.8,7,63,5,60,2,3,121,1141
Daniel Jones,NYG,448,14,2,23,5.3,76,17.6,2020,JoneDa05,2.5,200,56,55,156,30.3,8,325,75.2,46,367,28,208,17,159,101,717
Drew Brees,NO,390,7,2,21,5.5,51,13.4,2020,BreeDr00,2.4,92,13,33,59,14.6,3,308,80.8,5,34,5,34,0,0,55,430
Drew Lock,DEN,443,13,2,25,5.8,98,22.9,2020,LockDr00,2.6,148,53,46,118,24.4,5,295,68.9,25,147,21,117,4,30,92,774
Lamar Jackson,BAL,376,9,3,20,5.5,64,17.6,2020,JackLa00,2.5,104,49,24,102,22.5,6,274,75.3,157,1301,75,742,76,559,87,767
Joe Burrow,CIN,404,8,3,19,4.8,58,14.8,2020,BurrJo01,2.3,138,30,47,109,24.1,4,296,75.3,38,185,34,170,2,15,78,503
Cam Newton,NE,368,11,2,15,4.2,70,19.7,2020,NewtCa00,2.6,178,48,30,109,26,9,265,74.6,36,145,13,61,23,84,99,863
Carson Wentz,PHI,437,21,1,23,5.5,90,21.7,2020,WentCa00,2.6,167,35,64,149,29.3,6,292,70.4,64,253,51,210,8,43,103,583
Nick Mullens,SF,326,6,0,17,5.3,48,15,2020,MullNi00,2.4,116,33,56,108,31.1,7,241,75.3,13,74,12,74,0,0,86,863
Gardner Minshew II,JAX,327,15,1,10,3.2,58,18.6,2020,MinsGa00,2.4,90,38,20,85,22.5,4,238,76.5,18,131,14,127,3,4,47,363
Sam Darnold,NYJ,364,21,3,14,4.1,62,18.2,2020,DarnSa00,2.4,143,43,38,116,27.3,7,244,71.8,8,48,5,37,3,11,63,542
Andy Dalton,DAL,333,14,0,21,6.6,48,15,2020,DaltAn00,2.3,119,15,25,64,17.2,5,250,78.4,21,177,17,154,3,23,61,414
Ryan Fitzpatrick,MIA,267,2,1,10,3.8,37,14,2020,FitzRy00,2.2,99,22,31,67,22.6,5,211,79.9,16,109,14,109,1,0,41,341
Mitchell Trubisky,CHI,297,4,0,9,3.1,53,18.1,2020,TrubMi00,2.3,80,25,21,64,19.3,1,222,75.8,31,213,25,200,6,13,96,798
Dak Prescott,DAL,222,3,1,13,6,33,15.1,2020,PresDa01,2.5,66,23,19,52,21.7,1,168,77.1,34,263,32,261,1,2,58,582
Nick Foles,CHI,312,11,1,9,3,48,16,2020,FoleNi00,2.2,99,15,41,74,22.2,5,229,76.3,32,238,30,238,0,0,59,468
Tua Tagovailoa,MIA,290,5,3,12,4.3,53,18.8,2020,TagoTu00,2.3,115,14,14,48,14.7,2,209,74.1,32,208,28,195,4,13,78,466
Alex Smith,WAS,252,12,0,8,3.3,42,17.5,2020,SmitAl03,2.3,63,37,27,86,31,4,183,76.3,22,122,22,122,0,0,48,365
Dwayne Haskins,WAS,241,4,0,12,5.1,53,22.4,2020,HaskDw00,2.3,66,17,24,61,22.8,5,165,69.6,40,231,35,224,3,7,36,160
Jimmy Garoppolo,SF,140,0,0,9,6.4,24,17.1,2020,GaroJi00,2.3,50,8,14,33,21.3,1,109,77.9,10,57,8,57,0,0,40,385
Mike Glennon,JAX,179,5,3,7,4.1,25,14.6,2020,GlenMi00,2.3,32,10,12,31,16.1,3,123,71.9,3,6,2,6,0,0,26,267
Jalen Hurts,PHI,148,12,1,4,3,36,26.7,2020,HurtJa00,2.3,55,16,12,41,22.2,5,82,60.7,40,338,15,198,22,140,19,236
Taysom Hill,NO,121,3,0,6,5.1,16,13.6,2020,HillTa00,2.7,41,10,13,37,24.3,1,94,79.7,11,75,4,44,7,31,26,253
Brandon Allen,CIN,142,3,0,8,5.8,23,16.5,2020,AlleBr00,2.3,37,4,16,27,17.5,1,109,78.4,20,183,18,180,1,3,35,236
Joe Flacco,NYJ,134,10,0,5,4,29,23.4,2020,FlacJo00,2.3,56,16,20,43,29.5,1,88,71,4,9,4,9,0,0,28,213
C.J. Beathard,SF,104,5,1,8,8.2,17,17.3,2020,BeatC.00,2.6,27,4,13,26,22.8,1,76,77.6,6,34,4,15,2,19,16,96
Jake Luton,JAX,110,6,0,5,4.8,30,28.8,2020,LutoJa00,2.3,44,10,8,25,21.2,3,68,65.4,4,25,4,25,0,0,18,108
Kyle Allen,WAS,87,8,0,2,2.5,8,10.1,2020,AlleKy00,2.5,31,9,9,25,25.5,1,64,81,11,77,8,75,1,2,29,234
Jeff Driskel,DEN,64,1,0,5,7.9,15,23.8,2020,DrisJe00,2.5,47,8,14,33,42.3,2,43,68.3,3,38,3,38,0,0,6,55
Colt McCoy,NYG,66,0,0,5,7.6,14,21.2,2020,McCoCo00,2.4,21,6,8,19,25.3,0,50,75.8,3,3,3,3,0,0,14,85
P.J. Walker,CAR,56,0,0,6,10.7,13,23.2,2020,WalkPh00,2.3,23,4,4,12,20,2,37,66.1,3,20,2,20,0,0,8,21
Mason Rudolph,PIT,43,1,0,4,9.5,9,21.4,2020,RudoMa00,2.2,12,12,3,16,35.6,0,32,76.2,1,7,1,7,0,0,2,0
Brett Rypien,DEN,40,4,0,1,2.8,2,5.6,2020,RypiBr00,2.4,17,4,6,11,26.8,1,28,77.8,1,0,1,0,0,0,5,54
Chase Daniel,DET,43,1,1,3,7.3,5,12.2,2020,DaniCh00,2.3,14,3,4,10,20.8,1,33,80.5,1,21,1,21,0,0,5,78
Jarrett Stidham,NE,44,6,0,3,7.9,9,23.7,2020,StidJa00,2.7,18,5,8,17,34,1,26,68.4,3,24,2,23,1,1,10,56
Chad Henne,KC,38,1,0,1,2.7,6,16.2,2020,HennCh01,1.9,8,2,4,8,20,0,31,83.8,3,-1,1,-2,1,1,9,30
Garrett Gilbert,DAL,38,0,1,0,0,11,29.7,2020,GilbGa01,2.3,17,10,6,18,42.9,3,21,56.8,1,0,1,0,0,0,2,16
John Wolford,LAR,38,1,0,1,2.7,10,27,2020,WolfJo00,2.1,18,3,4,9,21.4,1,25,67.6,8,67,5,35,3,32,7,35
Marcus Mariota,LVR,28,1,1,1,3.8,6,23.1,2020,MariMa01,2.4,4,3,2,5,15.6,0,19,73.1,3,56,0,0,3,56,5,34
Ben DiNucci,DAL,43,1,1,2,4.9,13,31.7,2020,DiNuBe00,2.5,14,8,3,18,35.3,0,26,63.4,4,2,2,0,2,2,6,14
Tyrod Taylor,LAC,30,2,0,1,3.6,6,21.4,2020,TaylTy00,2.5,9,5,2,9,26.5,0,20,71.4,5,24,3,23,2,1,7,46
Matt Barkley,BUF,21,0,0,2,9.5,5,23.8,2020,BarkMa00,2.6,10,1,1,3,13.6,1,13,61.9,2,10,2,10,0,0,7,66
Ryan Finley,CIN,32,0,0,1,3.1,7,21.9,2020,FinlRy00,2.3,18,3,8,20,46.5,0,24,75,5,36,0,0,5,36,1,0
Blaine Gabbert,TB,16,0,0,1,6.3,5,31.3,2020,GabbBl00,1.6,8,1,0,2,10.5,0,11,68.8,0,0,0,0,0,0,2,30
Taylor Heinicke,WAS,19,0,0,1,5.3,4,21.1,2020,HeinTa00,3,3,1,1,3,13,0,13,68.4,0,0,0,0,0,0,0,0
Brian Hoyer,NE,24,1,0,1,4.3,4,17.4,2020,HoyeBr00,2.2,11,0,1,3,11.1,0,19,82.6,3,59,3,59,0,0,9,83
Chris Streveler,ARI,16,0,0,0,0,2,12.5,2020,StreCh00,1.8,4,0,1,3,16.7,0,14,87.5,3,24,3,24,0,0,5,37
Trace McSorley,BAL,10,1,0,1,11.1,3,33.3,2020,McSoTr00,2.3,2,2,0,2,18.2,1,4,44.4,5,2,2,0,3,2,2,0
Jameis Winston,NO,11,0,0,0,0,3,27.3,2020,WinsJa00,2.2,5,1,1,4,28.6,0,7,63.6,0,0,0,0,0,0,3,31
Jarvis Landry,CLE,4,0,0,0,0,0,0,2020,LandJa00,3.3,2,0,3,3,75,0,4,100,0,0,0,0,0,0,1,6
David Blough,DET,10,0,0,0,0,2,20,2020,BlouDa00,2.9,1,0,6,7,58.3,1,6,60,0,0,0,0,0,0,1,20
Case Keenum,CLE,10,0,0,0,0,3,30,2020,KeenCa00,2.2,2,0,2,2,20,0,5,50,0,0,0,0,0,0,1,13
Jamison Crowder,NYJ,1,0,0,0,0,0,0,2020,CrowJa00,1.8,1,0,0,0,0,0,1,100,0,0,0,0,0,0,1,43
Jakobi Meyers,NE,2,0,0,0,0,0,0,2020,MeyeJa01,2.4,1,0,1,1,50,0,2,100,0,0,0,0,0,0,0,0
Robert Griffin III,BAL,14,0,0,0,0,4,28.6,2020,GrifRo01,2.1,7,0,3,6,35.3,0,8,57.1,4,48,0,0,4,48,4,8
Russell Gage,ATL,2,0,0,1,50,0,0,2020,GageRu00,2.6,2,0,1,1,50,0,2,100,0,0,0,0,0,0,0,0
Julian Edelman,NE,2,0,0,0,0,0,0,2020,EdelJu00,1.5,1,0,0,0,0,0,2,100,0,0,0,0,0,0,1,22
Geno Smith,SEA,5,0,0,0,0,1,20,2020,SmitGe00,2.1,4,0,1,2,33.3,0,4,80,3,12,1,14,2,-2,1,14
Lynn Bowden Jr.,MIA,2,0,0,0,0,1,50,2020,BowdLy00,5.1,2,0,1,1,25,0,1,50,1,8,0,0,1,8,1,32
Nate Sudfeld,PHI,12,2,0,1,10,3,30,2020,SudfNa00,2.3,7,2,3,7,46.7,0,6,60,1,0,1,0,0,0,2,0
Zay Jones,LVR,1,0,0,0,0,0,0,2020,JoneZa00,3.1,0,0,0,0,0,0,1,100,0,0,0,0,0,0,0,0
Joseph Charlton,CAR,1,0,0,0,0,0,0,2020,CharJo01,0,0,0,0,1,50,0,0,0,0,0,0,0,0,0,0,0
Logan Thomas,WAS,1,0,0,0,0,0,0,2020,ThomLo00,4.5,0,0,0,0,0,0,1,100,0,0,0,0,0,0,1,28
Andy Lee,ARI,1,0,0,0,0,0,0,2020,LeexAn20,0,0,0,0,0,0,0,0,0,0,0,0,0,0,0,0,0
Nathan Peterman,LVR,5,0,0,0,0,1,20,2020,PeteNa00,2.6,1,0,0,2,25,0,3,60,0,0,0,0,0,0,1,4
Cedrick Wilson Jr.,DAL,2,0,0,0,0,0,0,2020,WilsCe01,3.7,1,0,0,0,0,0,2,100,1,12,1,12,0,0,0,0
Cole Beasley,BUF,1,0,0,0,0,0,0,2020,BeasCo00,3,0,0,0,0,0,0,1,100,1,20,1,20,0,0,0,0
A.J. McCarron,HOU,1,0,0,0,0,0,0,2020,McCaA.00,0,1,0,0,1,50,0,0,0,0,0,0,0,0,0,0,0
Odell Beckham Jr.,CLE,1,0,0,0,0,0,0,2020,BeckOd00,1.7,1,0,0,0,0,0,1,100,0,0,0,0,0,0,0,0
Tyler Bray,CHI,5,0,1,0,0,3,75,2020,BrayTy00,2.1,0,0,1,1,20,0,1,25,0,0,0,0,0,0,0,0
Golden Tate,NYG,2,1,0,0,0,0,0,2020,TateGo00,4.8,1,0,1,1,50,0,1,100,0,0,0,0,0,0,0,0
Jacoby Brissett,IND,8,1,0,1,14.3,3,42.9,2020,BrisJa00,2.8,3,3,0,5,45.5,0,4,57.1,4,8,0,0,3,8,2,4
Tyler Boyd,CIN,2,0,0,0,0,1,50,2020,BoydTy00,2.7,1,0,0,0,0,0,1,50,1,0,1,0,0,0,1,0
Tyler Huntley,BAL,5,0,0,0,0,2,40,2020,HuntTy01,2.1,2,0,1,1,20,0,3,60,6,23,1,-1,5,24,1,-1
Sam Koch,BAL,1,0,0,0,0,0,0,2020,KochSa20,0,0,0,0,0,0,0,0,0,0,0,0,0,0,0,0,0
Greg Ward,PHI,1,0,0,0,0,0,0,2020,WardGr02,5.2,1,0,1,1,50,0,1,100,0,0,0,0,0,0,0,0
Kendall Hinton,DEN,9,1,0,0,0,4,50,2020,HintKe00,2.9,5,1,4,6,54.5,0,1,12.5,4,5,3,0,1,5,4,0
Jaquan Johnson,BUF,1,0,0,0,0,0,0,2020,JohnJa11,0,0,0,0,0,0,0,0,0,0,0,0,0,0,0,0,0
Tommy Townsend,KC,1,0,0,0,0,0,0,2020,TownTo01,0,0,0,0,0,0,0,0,0,0,0,0,0,0,0,0,0
Isaiah McKenzie,BUF,1,0,0,0,0,0,0,2020,McKeIs00,2.9,0,0,0,0,0,0,1,100,0,0,0,0,0,0,0,0
Logan Woodside,TEN,3,0,0,0,0,1,33.3,2020,WoodLo00,1.4,0,1,0,1,33.3,0,0,0,0,0,0,0,0,0,0,0
Travis Kelce,KC,2,0,0,0,0,0,0,2020,KelcTr00,3.2,0,0,0,0,0,0,2,100,1,0,1,0,0,0,0,0
Easton Stick,LAC,1,0,0,0,0,0,0,2020,SticEa00,2.3,1,0,0,0,0,0,1,100,0,0,0,0,0,0,1,4
Joshua Dobbs,PIT,5,1,0,0,0,0,0,2020,DobbJo00,1.5,0,0,1,1,20,0,4,100,0,0,0,0,0,0,0,0
Jamal Agnew,DET,1,0,0,0,0,0,0,2020,AgneJa00,4.5,0,0,0,0,0,0,1,100,0,0,0,0,0,0,0,0
Keenan Allen,LAC,1,0,0,0,0,1,100,2020,AlleKe00,3.2,0,0,0,0,0,0,0,0,0,0,0,0,0,0,0,0
Randall Cobb,HOU,1,0,0,0,0,1,100,2020,CobbRa00,3.1,1,0,0,0,0,0,0,0,1,0,1,0,0,0,1,0
Riley Dixon,NYG,1,0,0,0,0,0,0,2020,DixoRi00,0,0,0,0,0,0,0,0,0,0,0,0,0,0,0,0,0
Alex Erickson,CIN,1,0,0,0,0,1,100,2020,EricAl01,4.6,1,0,1,1,100,0,0,0,0,0,0,0,0,0,0,0
Chris Jones,DAL,1,0,0,0,0,0,0,2020,JoneCh02,0,0,0,0,0,0,0,0,0,0,0,0,0,0,0,0,0
Brett Kern,TEN,1,0,0,0,0,0,0,2020,KernBr20,0,0,0,0,0,0,0,0,0,0,0,0,0,0,0,0,0
D.J. Moore,CAR,1,0,0,0,0,1,100,2020,MoorD.00,4.1,1,0,0,0,0,0,0,0,1,0,1,0,0,0,1,0
Zach Pascal,IND,1,0,0,0,0,1,100,2020,PascZa00,3.1,0,0,0,0,0,0,0,0,0,0,0,0,0,0,0,0
Sammy Watkins,KC,1,0,0,0,0,0,0,2020,WatkSa00,4.6,1,0,0,0,0,0,0,0,0,0,0,0,0,0,0,0
Isaiah Wright,WAS,1,1,0,0,0,0,0,2020,WrigIs01,6.4,0,0,1,1,100,0,0,0,1,6,0,0,1,6,0,0
Tom Brady,TB,719,13,2,32,4.5,127,18,2021,BradTo00,2.3,176,30,31,83,11.1,8,531,75.4,8,72,8,72,0,0,113,912
Justin Herbert,LAC,672,14,1,38,5.8,96,14.6,2021,HerbJu00,2.4,155,51,61,143,19.4,17,527,80.2,54,516,46,484,6,32,166,1515
Matthew Stafford,LAR,601,3,0,31,5.2,111,18.6,2021,StafMa00,2.4,137,32,42,104,16.3,9,458,76.6,25,233,25,233,0,0,122,1247
Patrick Mahomes,KC,658,32,0,31,5,118,18.8,2021,MahoPa00,2.3,112,76,58,162,22.1,7,485,77.5,96,652,90,638,5,14,147,1099
Derek Carr,LVR,626,21,3,26,4.3,94,15.6,2021,CarrDe02,2.5,167,58,48,146,21.4,10,466,77.4,31,228,29,228,1,0,93,909
Joe Burrow,CIN,520,12,2,23,4.5,54,10.7,2021,BurrJo01,2.3,125,46,48,145,24.5,8,419,82.8,23,168,20,167,1,1,75,807
Dak Prescott,DAL,596,11,0,28,4.8,86,14.7,2021,PresDa01,2.4,187,46,48,124,19.2,10,452,77.3,43,210,38,198,4,12,118,953
Josh Allen,BUF,646,32,0,35,5.7,107,17.4,2021,AlleJo02,2.4,182,95,64,185,25.7,16,459,74.8,124,916,93,762,31,154,178,1643
Kirk Cousins,MIN,561,13,5,22,4.1,93,17.1,2021,CousKi00,2.4,168,68,65,161,26.6,4,418,77,8,23,7,21,1,2,113,1107
Aaron Rodgers,GB,531,18,3,13,2.5,93,18.2,2021,RodgAa00,2.2,135,59,40,129,22.3,8,394,77.3,30,200,30,200,0,0,107,798
Matt Ryan,ATL,560,15,1,21,3.9,79,14.5,2021,RyanMa00,2.4,166,48,84,172,27.9,9,425,78.1,28,219,22,214,1,5,131,1099
Jimmy Garoppolo,SF,441,11,3,23,5.4,55,12.9,2021,GaroJi00,2.3,100,24,36,89,18.7,5,348,81.5,38,339,37,334,1,5,100,1017
Mac Jones,NE,521,12,1,16,3.1,90,17.7,2021,JoneMa05,2.4,181,29,47,104,18.4,9,386,76,33,324,32,324,0,0,104,888
Kyler Murray,ARI,481,19,0,16,3.5,65,14.1,2021,MurrKy00,2.3,108,68,13,112,20.7,10,367,79.4,111,780,79,702,28,78,109,937
Ben Roethlisberger,PIT,605,6,2,30,5,110,18.4,2021,RoetBe00,2.1,145,44,38,120,18.6,13,451,75.5,23,52,21,51,1,1,90,587
Ryan Tannehill,TEN,531,9,1,23,4.4,83,15.9,2021,TannRy00,2.3,166,31,64,142,23.8,10,411,78.9,34,311,22,224,12,87,132,1114
Trevor Lawrence,JAX,602,18,3,33,5.7,119,20.5,2021,LawrTr00,2.4,147,67,52,151,22.6,8,414,71.3,74,527,52,450,18,77,124,1013
Carson Wentz,IND,516,17,0,25,5,94,18.8,2021,WentCa00,2.5,156,41,75,148,25.8,8,368,73.7,84,597,76,553,7,44,144,1234
Taylor Heinicke,WAS,494,8,3,18,3.7,80,16.6,2021,HeinTa00,2.5,145,55,47,140,24.6,9,365,75.6,65,527,56,486,5,41,122,1087
Jared Goff,DET,494,21,5,21,4.5,77,16.5,2021,GoffJa00,2.4,110,50,48,133,24.6,5,375,80.1,24,191,22,174,1,17,79,647
Jalen Hurts,PHI,432,22,2,22,5.4,57,14,2021,HurtJa00,2.7,124,76,32,134,26.4,11,319,78.2,154,1178,95,819,52,359,111,994
Russell Wilson,SEA,400,13,0,16,4.1,72,18.6,2021,WilsRu00,2.4,113,48,42,123,27,3,296,76.5,45,225,36,204,7,21,102,1036
Teddy Bridgewater,DEN,426,20,0,13,3.2,68,16.7,2021,BridTe00,2.5,118,64,42,137,29,9,316,77.8,23,171,20,171,0,0,76,508
Baker Mayfield,CLE,418,14,2,20,5,84,20.9,2021,MayfBa00,2.4,124,52,18,113,23.3,11,296,73.6,11,78,9,76,2,2,89,849
Lamar Jackson,BAL,382,7,4,18,4.9,73,19.7,2021,JackLa00,2.5,151,39,29,106,22.6,9,272,73.3,119,834,63,574,54,260,93,831
Davis Mills,HOU,394,13,2,12,3.2,66,17.4,2021,MillDa02,2.2,121,30,30,91,20.9,11,287,75.7,18,92,13,90,1,2,65,394
Tua Tagovailoa,MIA,388,6,1,17,4.5,62,16.3,2021,TagoTu00,2.1,100,45,24,89,20.9,1,305,80.1,94,858,90,847,4,11,116,990
Sam Darnold,CAR,406,22,0,27,7,71,18.5,2021,DarnSa00,2.5,128,60,40,135,29.1,6,286,74.5,26,83,22,68,3,15,87,595
Daniel Jones,NYG,361,12,1,19,5.5,64,18.4,2021,JoneDa05,2.5,120,37,36,95,23.3,5,265,76.1,38,160,25,111,10,49,93,652
Zach Wilson,NYJ,383,16,1,25,6.8,87,23.8,2021,WilsZa00,2.4,127,66,26,136,30.6,5,256,69.9,18,76,14,72,1,4,81,468
Justin Fields,CHI,270,8,2,18,6.9,57,21.9,2021,FielJu00,2.4,96,29,31,96,27.3,3,189,72.7,22,137,8,75,11,62,48,413
Andy Dalton,CHI,236,8,1,9,4,39,17.2,2021,DaltAn00,2.2,92,23,13,54,20.3,7,162,71.4,14,141,12,138,1,3,30,174
Jacoby Brissett,MIA,225,6,1,17,7.8,36,16.5,2021,BrisJa00,2.5,62,26,24,69,26.8,1,158,72.5,23,156,21,152,1,4,33,243
Jameis Winston,NO,161,9,0,10,6.6,33,21.7,2021,WinsJa00,2.5,68,18,18,47,24.9,5,107,70.4,2,11,1,0,1,11,37,355
Trevor Siemian,NO,188,11,0,7,4,26,14.7,2021,SiemTr00,2.5,47,20,16,45,22.5,6,131,74,3,20,3,20,0,0,34,204
Tyler Huntley,BAL,188,3,3,4,2.2,34,18.7,2021,HuntTy01,2.3,62,22,10,50,21.6,6,136,74.7,33,147,19,102,9,45,12,109
Taysom Hill,NO,134,4,2,11,8.6,26,20.3,2021,HillTa00,2.5,40,18,9,36,22.6,3,94,73.4,11,74,6,46,4,28,32,349
Tyrod Taylor,HOU,150,4,1,5,3.4,32,22.1,2021,TaylTy00,2.2,60,19,16,48,27,2,100,69,24,143,18,115,4,28,29,239
Mike White,NYJ,132,1,0,5,3.8,19,14.5,2021,WhitMi01,2.4,29,8,14,26,19.1,6,93,71,4,13,4,13,0,0,18,105
Mike Glennon,NYG,167,11,3,11,7.2,21,13.7,2021,GlenMi00,2.4,41,12,19,40,22.2,1,110,71.9,5,15,5,15,0,0,24,134
Drew Lock,DEN,111,1,1,7,6.4,24,22,2021,LockDr00,2.4,29,14,8,31,24.4,2,79,72.5,10,49,8,47,1,2,21,140
Colt McCoy,ARI,99,1,0,5,5.1,11,11.2,2021,McCoCo00,2.1,29,10,10,26,23.9,2,82,83.7,29,265,25,250,3,15,31,295
Geno Smith,SEA,95,6,1,0,0,13,14.8,2021,SmitGe00,2.5,38,12,6,31,27.7,3,65,73.9,3,25,3,25,0,0,19,214
Cam Newton,CAR,126,2,0,6,4.8,28,22.6,2021,NewtCa00,2.1,59,15,10,35,24.5,6,81,65.3,32,202,19,119,12,83,19,113
Josh Johnson,2TM,85,3,0,3,3.7,16,19.5,2021,JohnJo05,,8,6,8,17,18.3,1,61,74.4,8,41,6,42,2,-1,10,61
Trey Lance,SF,71,2,0,3,4.3,13,18.8,2021,LancTr00,2.6,21,8,7,19,22.1,5,51,73.9,18,172,10,145,8,27,20,171
Tim Boyle,DET,94,0,0,3,3.2,20,21.3,2021,BoylTi00,2.3,15,5,10,15,15.8,1,64,68.1,4,26,4,26,0,0,24,186
Case Keenum,CLE,72,2,0,3,4.3,13,18.6,2021,KeenCa00,2,18,6,8,19,23.5,0,53,75.7,1,6,1,6,0,0,19,197
Gardner Minshew II,PHI,60,4,0,5,8.9,7,12.5,2021,MinsGa00,2.1,19,7,5,17,24.6,1,45,80.4,6,37,5,37,0,0,15,160
Cooper Rush,DAL,47,0,0,2,4.3,9,19.1,2021,RushCo00,2.1,15,0,3,6,11.8,1,32,68.1,2,20,2,20,0,0,7,80
Jordan Love,GB,62,2,0,2,3.3,15,25,2021,LoveJo03,2.3,29,9,7,19,27.1,0,40,66.7,2,0,2,0,0,0,10,104
P.J. Walker,CAR,66,0,1,2,3.1,20,30.8,2021,WalkPh00,2.5,15,7,9,23,30.7,1,41,63.1,2,3,2,3,0,0,6,35
Joe Flacco,NYJ,42,4,0,1,2.6,6,15.8,2021,FlacJo00,2.1,24,4,6,12,26.7,1,29,76.3,1,5,1,5,0,0,7,81
Mason Rudolph,PIT,58,1,1,3,5.4,9,16.1,2021,RudoMa00,2.2,15,0,1,1,1.6,0,44,78.6,0,0,0,0,0,0,7,41
Nick Foles,CHI,35,0,0,1,2.9,4,11.4,2021,FoleNi00,2.6,5,4,1,9,22.5,1,30,85.7,4,43,4,43,0,0,3,7
Brian Hoyer,NE,11,0,0,0,0,0,0,2021,HoyeBr00,2.2,4,0,0,0,0,0,11,100,2,59,2,59,0,0,2,28
Jake Fromm,NYG,60,2,0,3,5.2,19,32.8,2021,FromJa00,2.2,21,5,7,18,25,4,32,55.2,11,39,9,15,2,24,14,16
Garrett Gilbert,WAS,31,1,0,1,3.3,6,20,2021,GilbGa01,2.5,10,2,5,9,27.3,0,22,73.3,2,51,2,51,0,0,5,87
Sean Mannion,MIN,36,2,0,1,2.9,7,20.6,2021,MannSe00,2.3,6,5,2,9,23.1,1,24,70.6,1,7,1,7,0,0,1,0
Brandon Allen,CIN,34,0,1,2,6.1,9,27.3,2021,AlleBr00,1.9,7,1,2,7,18.4,0,19,57.6,1,6,1,6,0,0,6,24
Nick Mullens,CLE,30,0,1,2,6.9,2,6.9,2021,MullNi00,2.3,6,5,4,9,30,0,22,75.9,1,6,1,6,0,0,7,31
Ian Book,NO,20,2,0,2,11.1,3,16.7,2021,BookIa00,2.7,15,5,4,17,56.7,0,15,83.3,1,12,1,12,0,0,6,30
Kyle Allen,WAS,19,1,0,2,11.1,2,11.1,2021,AlleKy00,2.3,4,2,1,5,23.8,0,15,83.3,2,11,1,0,1,11,1,0
Cedrick Wilson Jr.,DAL,3,0,0,0,0,0,0,2021,WilsCe01,2.2,0,0,0,0,0,0,3,100,1,22,1,22,0,0,1,22
Chad Henne,KC,16,1,0,1,6.7,3,20,2021,HennCh01,2.2,3,1,2,3,17.6,0,12,80,0,0,0,0,0,0,0,0
Tom Kennedy,DET,1,0,0,0,0,0,0,2021,KennTo01,3.5,0,0,0,0,0,0,1,100,0,0,0,0,0,0,1,75
Blaine Gabbert,TB,11,0,0,0,0,2,18.2,2021,GabbBl00,2,3,1,0,2,16.7,1,7,63.6,1,14,1,14,0,0,1,14
Tyler Boyd,CIN,1,0,0,0,0,0,0,2021,BoydTy00,3.1,0,1,0,1,100,0,1,100,0,0,0,0,0,0,0,0
Jakobi Meyers,NE,2,0,0,0,0,0,0,2021,MeyeJa01,2.5,0,0,1,1,50,0,2,100,1,15,1,15,0,0,1,15
Mitchell Trubisky,BUF,8,0,0,1,12.5,1,12.5,2021,TrubMi00,2.1,1,0,0,0,0,0,7,87.5,1,1,1,1,0,0,3,24
Jack Fox,DET,3,0,0,0,0,1,33.3,2021,FoxxJa01,1.8,2,0,0,0,0,0,2,66.7,0,0,0,0,0,0,0,0
Chris Streveler,ARI,9,0,0,0,0,2,22.2,2021,StreCh00,2.3,0,1,0,3,25,0,6,66.7,0,0,0,0,0,0,1,9
Justin Jefferson,MIN,4,0,0,0,0,2,50,2021,JeffJu00,2.3,2,0,2,2,50,0,2,50,0,0,0,0,0,0,2,11
C.J. Beathard,JAX,2,0,0,0,0,0,0,2021,BeatC.00,2.2,1,1,0,1,50,0,2,100,0,0,0,0,0,0,0,0
Christian Kirk,ARI,1,0,0,0,0,0,0,2021,KirkCh01,1.5,0,0,0,0,0,0,1,100,1,33,1,33,0,0,1,33
Kendrick Bourne,NE,1,0,0,0,0,0,0,2021,BourKe00,1.6,0,0,0,0,0,0,1,100,0,0,0,0,0,0,0,0
Jacob Eason,IND,5,0,0,1,20,1,20,2021,EasoJa00,3.3,0,0,1,1,20,0,4,80,0,0,0,0,0,0,0,0
Deebo Samuel,SF,2,0,0,0,0,0,0,2021,SamuDe00,2.4,1,0,1,1,50,0,1,50,7,91,0,0,7,91,0,0
Chris Banjo,ARI,1,0,0,0,0,0,0,2021,BanjCh00,1.7,0,0,0,0,0,0,1,100,0,0,0,0,0,0,0,0
Josh Rosen,ATL,11,1,0,2,20,4,40,2021,RoseJo01,2.7,3,3,0,3,27.3,0,3,30,0,0,0,0,0,0,2,14
Kadarius Toney,NYG,3,0,0,1,33.3,1,33.3,2021,ToneKa00,2.8,2,0,0,1,20,0,2,66.7,1,7,0,0,1,7,1,0
Dante Pettis,NYG,1,0,0,0,0,0,0,2021,PettDa00,3.7,0,0,0,0,0,0,1,100,0,0,0,0,0,0,0,0
Courtland Sutton,DEN,1,0,0,0,0,0,0,2021,SuttCo00,3.8,0,1,0,1,100,0,1,100,0,0,0,0,0,0,0,0
Tommy Townsend,KC,1,0,0,0,0,0,0,2021,TownTo01,2,1,0,0,0,0,0,1,100,0,0,0,0,0,0,0,0
Ryan Fitzpatrick,WAS,6,0,0,1,16.7,1,16.7,2021,FitzRy00,1.8,0,1,2,4,50,0,5,83.3,0,0,0,0,0,0,2,2
Matthias Farley,TEN,1,0,0,0,0,0,0,2021,FarlMa00,1.8,1,0,0,0,0,0,1,100,0,0,0,0,0,0,0,0
Derrick Henry,TEN,1,0,0,0,0,0,0,2021,HenrDe00,2.1,0,0,0,0,0,0,1,100,8,25,1,5,7,20,0,0
Kellen Mond,MIN,3,0,0,0,0,1,33.3,2021,MondKe00,1.8,2,0,1,1,33.3,0,2,66.7,0,0,0,0,0,0,1,-1
John Wolford,LAR,4,0,0,0,0,1,25,2021,WolfJo00,2.2,0,0,0,1,20,0,2,50,1,0,0,0,1,0,0,0
Ezekiel Elliott,DAL,1,0,0,0,0,0,0,2021,ElliEz00,0.4,0,0,0,0,0,0,1,100,35,188,0,0,35,188,0,0
Marcus Mariota,LVR,2,0,0,0,0,0,0,2021,MariMa01,2.4,0,0,0,0,0,0,1,50,9,71,0,0,9,71,0,0
Johnny Hekker,LAR,1,0,0,0,0,0,0,2021,HekkJo00,2.8,1,0,1,1,100,0,1,100,0,0,0,0,0,0,0,0
Greg Ward,PHI,2,0,0,0,0,1,50,2021,WardGr02,2.1,0,0,0,0,0,0,1,50,1,2,1,2,0,0,1,2
Kendall Hinton,DEN,1,0,0,0,0,0,0,2021,HintKe00,0.9,0,0,1,1,100,0,1,100,1,1,1,1,0,0,1,1
Keenan Allen,LAC,1,0,0,0,0,1,100,2021,AlleKe00,1.3,0,0,0,0,0,0,0,0,0,0,0,0,0,0,0,0
Danny Amendola,HOU,1,0,0,0,0,0,0,2021,AmenDa00,1.2,1,0,0,0,0,0,0,0,0,0,0,0,0,0,0,0
Cole Beasley,BUF,1,0,0,0,0,0,0,2021,BeasCo00,1.3,0,1,0,1,100,0,1,100,1,0,1,0,0,0,1,0
Chris Boswell,PIT,1,0,0,0,0,1,100,2021,BoswCh00,3.4,1,0,0,0,0,0,0,0,0,0,0,0,0,0,0,0
A.J. Brown,TEN,2,1,0,0,0,1,100,2021,BrowAJ00,0.9,0,0,0,0,0,0,0,0,0,0,0,0,0,0,0,0
Rex Burkhead,HOU,1,1,0,0,0,0,0,2021,BurkRe00,0.9,0,0,0,0,0,0,0,0,7,21,0,0,7,21,0,0
Keelan Cole,NYJ,1,0,0,0,0,0,0,2021,ColeKe00,3.3,1,0,1,1,100,0,1,100,0,0,0,0,0,0,1,0
Riley Dixon,NYG,1,0,0,0,0,1,100,2021,DixoRi00,2.3,0,0,0,0,0,0,0,0,0,0,0,0,0,0,0,0
Leonard Fournette,TB,1,0,0,0,0,0,0,2021,FourLe00,2.8,0,0,0,0,0,1,0,0,10,86,0,0,10,86,0,0
Feleipe Franks,ATL,1,0,0,0,0,0,0,2021,FranFe00,1.7,0,0,0,0,0,0,0,0,3,6,0,0,3,6,0,0
Mike Gesicki,MIA,1,0,0,0,0,1,100,2021,GesiMi00,3.8,0,0,0,0,0,0,0,0,0,0,0,0,0,0,0,0
Blake Gillikin,NO,1,0,0,0,0,1,100,2021,GillBl00,1.8,1,0,0,0,0,0,0,0,0,0,0,0,0,0,0,0
Sam Koch,BAL,1,0,0,0,0,1,100,2021,KochSa20,2,0,0,0,0,0,0,0,0,0,0,0,0,0,0,0,0
Cooper Kupp,LAR,1,0,0,0,0,0,0,2021,KuppCo00,1.5,1,1,0,1,100,0,0,0,0,0,0,0,0,0,0,0
Ty Long,LAC,1,0,0,0,0,0,0,2021,LongTy00,2,1,0,0,0,0,0,0,0,0,0,0,0,0,0,0,0
David Montgomery,CHI,1,0,0,0,0,0,0,2021,MontDa01,2,1,0,0,0,0,0,0,0,15,101,0,0,15,101,0,0
Cordarrelle Patterson,ATL,1,1,0,0,0,0,0,2021,PattCo00,2.3,0,0,1,1,100,0,0,0,8,30,0,0,8,30,0,0
Brett Rypien,DEN,2,1,0,0,0,1,100,2021,RypiBr00,2.5,1,0,0,0,0,0,0,0,0,0,0,0,0,0,0,0
D'Andre Swift,DET,1,0,0,0,0,0,0,2021,SwifDA00,0,0,0,0,0,0,0,0,0,13,166,0,0,13,166,0,0
Albert Wilson,MIA,1,0,0,1,100,0,0,2021,WilsAl02,0.7,2,0,0,1,50,0,1,100,0,0,0,0,0,0,1,0
Brandon Zylstra,CAR,1,0,0,0,0,1,100,2021,ZylsBr00,1.2,0,0,0,0,0,0,0,0,0,0,0,0,0,0,0,0
Patrick Mahomes,KC,366,19,0,22,6.3,56,16.1,2022,MahoPa00,2.5,90,37,32,85,20.8,5,270,77.8,30,157,27,156,2,1,40,378
Tom Brady,TB,427,11,4,23,5.6,64,15.5,2022,BradTo00,2.1,78,18,24,56,12.6,6,327,79.4,10,80,10,80,0,0,56,441
Josh Allen,BUF,341,8,1,14,4.2,42,12.7,2022,AlleJo02,2.2,81,12,19,49,12.4,12,207,62.3,18,161,18,161,0,0,51,519
Joe Burrow,CIN,333,8,0,16,4.9,43,13.2,2022,BurrJo01,2.2,57,11,30,71,18.9,13,255,78.5,21,246,20,246,0,0,34,296
Geno Smith,SEA,316,9,0,11,3.6,29,9.4,2022,SmitGe00,2.4,104,21,35,80,22.3,4,245,79.8,15,92,13,87,2,5,76,723
Justin Herbert,LAC,386,15,0,24,6.5,48,12.9,2022,HerbJu00,2.5,77,26,36,74,18,16,279,75.2,18,98,18,98,0,0,84,643
Kirk Cousins,MIN,354,20,2,12,3.6,45,13.6,2022,CousKi00,2.2,84,27,42,89,23.3,6,224,67.5,5,41,5,41,0,0,89,549
Trevor Lawrence,JAX,348,10,2,21,6.3,54,16.1,2022,LawrTr00,2.2,95,24,22,63,16.7,9,259,77.1,16,97,14,83,2,14,59,517
Aaron Rodgers,GB,337,18,1,21,6.6,45,14.2,2022,RodgAa00,2.3,79,27,26,73,20.1,5,257,80.8,26,238,23,234,1,4,59,365
Jared Goff,DET,301,12,1,17,5.9,49,17,2022,GoffJa00,2.2,94,21,25,61,18.7,7,207,71.9,5,23,5,23,0,0,61,544
Tua Tagovailoa,MIA,248,6,0,12,5,34,14,2022,TagoTu00,2.3,57,30,10,48,18.3,3,195,80.6,39,331,38,331,0,0,82,763
Matt Ryan,IND,325,13,1,12,3.9,37,11.9,2022,RyanMa00,2.3,99,22,38,85,23.8,10,246,79.1,22,179,20,179,0,0,53,380
Jalen Hurts,PHI,265,11,0,11,4.3,28,11,2022,HurtJa00,2.1,95,19,18,60,19,9,184,72.4,67,510,52,461,12,49,62,530
Kyler Murray,ARI,360,14,2,21,6.1,40,11.6,2022,MurrKy00,2.2,78,39,15,78,19.1,9,268,77.9,20,234,13,177,7,57,24,204
Derek Carr,LVR,311,17,0,14,4.8,58,19.7,2022,CarrDe02,2.6,63,25,26,70,20.8,6,217,73.8,8,32,8,32,0,0,50,466
Jacoby Brissett,CLE,290,13,3,19,6.9,38,13.9,2022,BrisJa00,2.4,84,28,30,77,23.5,4,207,75.5,4,12,4,12,0,0,54,546
Russell Wilson,DEN,270,19,1,17,6.8,43,17.2,2022,WilsRu00,2.5,65,25,37,91,29,8,183,73.2,10,80,9,82,1,-2,48,433
Davis Mills,HOU,295,4,0,12,4.1,61,21,2022,MillDa02,2.3,91,25,35,83,25.7,7,213,73.2,6,74,6,74,0,0,53,487
Jimmy Garoppolo,SF,238,2,0,17,7.2,30,12.7,2022,GaroJi00,2.2,67,9,15,40,15.6,9,178,75.4,20,133,19,132,1,1,27,149
Matthew Stafford,LAR,285,6,1,10,3.6,51,18.3,2022,StafMa00,2.3,72,23,26,77,24.3,3,210,75.5,9,104,9,104,0,0,52,430
Lamar Jackson,BAL,257,14,1,16,6.6,45,18.6,2022,JackLa00,2.5,105,24,11,55,18.5,8,180,74.4,55,547,32,290,22,257,56,456
Marcus Mariota,ATL,231,6,2,6,2.7,46,20.6,2022,MariMa01,2.6,76,9,26,61,21.9,2,159,71.3,95,727,64,557,26,170,40,284
Daniel Jones,NYG,237,12,0,15,6.7,28,12.4,2022,JoneDa05,2.6,72,28,29,85,28.5,7,177,78.7,16,87,12,80,3,7,72,516
Andy Dalton,NO,217,11,0,13,6.3,27,13.1,2022,DaltAn00,2.3,57,8,13,31,13.3,7,158,76.7,2,18,1,15,1,3,30,299
Justin Fields,CHI,207,6,0,11,5.5,40,19.9,2022,FielJu00,2.3,72,22,24,82,28.1,9,125,62.2,43,189,29,129,13,60,41,419
Carson Wentz,WAS,232,6,0,11,4.9,48,21.2,2022,WentCa00,2.3,70,15,24,62,23.3,8,160,70.8,17,86,16,86,0,0,38,263
Ryan Tannehill,TEN,182,4,1,15,8.5,20,11.3,2022,TannRy00,2.5,61,12,25,52,25.7,8,128,72.3,11,89,11,89,0,0,43,471
Zach Wilson,NYJ,167,15,0,10,6.6,34,22.4,2022,WilsZa00,2.4,62,28,8,48,25.5,3,108,71.1,19,199,18,197,1,2,26,235
Kenny Pickett,PIT,195,10,1,5,2.7,29,15.8,2022,PickKe00,2.4,48,6,15,39,17,2,138,75,6,25,6,25,0,0,25,116
Mac Jones,NE,168,5,0,7,4.3,26,16,2022,JoneMa05,2.3,38,20,10,45,22.7,2,116,71.2,5,15,5,15,0,0,24,182
Baker Mayfield,CAR,173,8,0,10,6.1,31,18.8,2022,MayfBa00,2.4,55,12,7,34,17.5,12,109,66.1,3,12,2,6,1,6,27,181
Cooper Rush,DAL,156,2,1,9,5.9,32,20.9,2022,RushCo00,2.2,43,14,16,37,22.4,7,102,66.7,2,6,1,4,1,2,37,324
Joe Flacco,NYJ,155,5,0,12,8,30,20,2022,FlacJo00,2.4,36,11,17,37,22.4,4,107,71.3,2,19,2,19,0,0,15,100
Jameis Winston,NO,115,2,2,3,2.7,23,20.7,2022,WinsJa00,2.4,41,9,11,31,24,2,81,73,1,13,1,13,0,0,7,7
Dak Prescott,DAL,127,5,0,4,3.3,25,20.5,2022,PresDa01,2.4,38,11,12,30,22.2,1,91,74.6,11,80,7,55,4,25,24,182
Taylor Heinicke,WAS,121,4,0,1,0.9,15,12.8,2022,HeinTa00,1.9,21,8,17,34,24.3,5,64,54.7,12,114,10,115,1,-1,24,183
Mitchell Trubisky,PIT,128,1,1,6,4.8,23,18.3,2022,TrubMi00,2.5,28,7,7,23,16.3,3,90,71.4,6,52,4,45,2,7,12,117
Bailey Zappe,NE,92,4,0,3,3.4,11,12.5,2022,ZappBa00,2.5,36,5,2,13,13.1,5,69,78.4,5,50,4,45,1,5,20,363
P.J. Walker,CAR,106,1,0,7,6.7,21,20,2022,WalkPh00,2.2,28,4,4,15,13,1,69,65.7,7,25,6,17,1,8,24,111
Teddy Bridgewater,MIA,60,4,0,2,3.6,10,17.9,2022,BridTe00,2.2,3,3,12,21,30.9,1,44,78.6,7,119,7,119,0,0,14,166
Sam Ehlinger,IND,52,1,0,3,5.9,6,11.8,2022,EhliSa00,2.4,14,6,5,22,31.4,1,36,70.6,3,41,1,38,1,3,12,84
Skylar Thompson,MIA,47,1,0,6,13,9,19.6,2022,ThomSk00,2.2,8,4,14,21,41.2,2,35,76.1,5,30,4,30,0,0,5,25
Colt McCoy,ARI,37,2,0,3,8.6,5,14.3,2022,McCoCo00,1.8,9,1,5,8,20,0,31,88.6,5,25,5,25,0,0,1,0
Brett Rypien,DEN,46,1,0,2,4.4,11,24.4,2022,RypiBr00,2.4,7,0,4,5,10.4,1,31,68.9,0,0,0,0,0,0,6,24
John Wolford,LAR,36,0,0,1,2.8,6,16.7,2022,WolfJo00,2.6,16,7,9,19,48.7,1,29,80.6,6,8,6,8,0,0,6,60
Trey Lance,SF,31,1,0,3,10,10,33.3,2022,LancTr00,2.5,4,4,2,8,21.6,0,19,63.3,4,6,1,0,3,6,6,51
Malik Willis,TEN,30,6,0,1,4.2,9,37.5,2022,WillMa12,2.9,12,7,1,14,32.6,0,15,62.5,11,92,1,48,9,44,6,25
Taysom Hill,NO,10,1,0,0,0,1,11.1,2022,HillTa00,1.9,5,1,0,1,10,0,7,77.8,5,14,1,0,4,14,2,0
Jordan Love,GB,9,0,1,0,0,2,25,2022,LoveJo03,1.8,0,0,0,0,0,0,6,75,0,0,0,0,0,0,0,0
Jarrett Stidham,LVR,13,0,0,0,0,4,30.8,2022,StidJa00,2.1,3,0,1,2,14.3,0,9,69.2,0,0,0,0,0,0,1,13
Brock Purdy,SF,9,0,0,1,11.1,3,33.3,2022,PurdBr00,2.8,2,0,0,0,0,0,4,44.4,0,0,0,0,0,0,0,0
Jacob Eason,CAR,5,0,0,0,0,1,20,2022,EasoJa00,2.2,0,0,1,1,20,0,4,80,0,0,0,0,0,0,0,0
Brian Hoyer,NE,6,0,0,0,0,1,16.7,2022,HoyeBr00,1.5,4,0,1,2,28.6,0,5,83.3,0,0,0,0,0,0,1,27
Christian McCaffrey,2TM,1,0,0,0,0,0,0,2022,McCaCh01,,0,0,0,0,0,0,1,100,1,0,0,0,1,0,0,0
Tyler Boyd,CIN,1,0,0,0,0,0,0,2022,BoydTy00,3.1,0,0,0,1,50,0,1,100,1,23,1,23,0,0,0,0
Justin Jefferson,MIN,1,0,0,0,0,0,0,2022,JeffJu00,1,1,0,0,0,0,0,1,100,0,0,0,0,0,0,0,0
Gardner Minshew II,PHI,2,0,0,0,0,1,50,2022,MinsGa00,2.3,2,0,1,1,50,0,1,50,0,0,0,0,0,0,1,23
Brandon Allen,CIN,3,0,0,0,0,0,0,2022,AlleBr00,1.8,3,0,0,1,25,0,3,100,0,0,0,0,0,0,0,0
Braden Mann,NYJ,1,0,0,0,0,0,0,2022,MannBr01,1.5,1,0,0,0,0,0,1,100,0,0,0,0,0,0,0,0
Ryan Wright,MIN,1,0,0,0,0,0,0,2022,WrigRy00,1.9,0,0,0,0,0,0,1,100,0,0,0,0,0,0,0,0
Riley Dixon,LAR,1,0,0,0,0,0,0,2022,DixoRi00,1.9,1,0,0,0,0,0,1,100,0,0,0,0,0,0,0,0
Trace McSorley,ARI,4,0,0,0,0,2,50,2022,McSoTr00,2.2,0,0,2,3,42.9,0,2,50,1,1,0,0,1,1,0,0
Tyrod Taylor,NYG,3,0,0,1,33.3,0,0,2022,TaylTy00,2.4,1,0,0,0,0,0,2,66.7,0,0,0,0,0,0,1,0
Case Keenum,BUF,7,0,0,1,14.3,2,28.6,2022,KeenCa00,1.8,6,0,0,0,0,0,3,42.9,1,4,0,0,1,4,0,0
Jack Fox,DET,1,0,0,0,0,0,0,2022,FoxxJa01,1.2,1,0,0,0,0,0,1,100,0,0,0,0,0,0,0,0
Trevor Siemian,CHI,1,0,0,0,0,0,0,2022,SiemTr00,1,0,0,0,0,0,0,1,100,0,0,0,0,0,0,0,0
Najee Harris,PIT,1,0,0,0,0,0,0,2022,HarrNa00,0.8,0,0,0,0,0,0,1,100,1,3,0,0,1,3,0,0
Mack Hollins,LVR,1,0,0,0,0,0,0,2022,HollMa00,3.3,0,0,0,0,0,0,1,100,1,4,1,4,0,0,0,0
Braxton Berrios,NYJ,1,0,0,0,0,0,0,2022,BerrBr00,1,1,0,0,0,0,0,1,100,0,0,0,0,0,0,0,0
Chase Claypool,2TM,1,0,0,0,0,0,0,2022,ClayCh01,,1,0,1,1,100,0,1,100,0,0,0,0,0,0,0,0
Rex Burkhead,HOU,1,0,0,0,0,1,100,2022,BurkRe00,1,1,0,0,0,0,0,0,0,0,0,0,0,0,0,1,0
Amari Cooper,CLE,1,0,0,0,0,1,100,2022,CoopAm00,1.2,1,0,1,1,100,0,0,0,0,0,0,0,0,0,0,0
DeeJay Dallas,SEA,1,0,0,0,0,1,100,2022,DallDe00,2.9,0,0,0,0,0,0,0,0,0,0,0,0,0,0,0,0
Chase Daniel,LAC,2,0,0,1,50,1,50,2022,DaniCh00,1.7,0,0,1,2,66.7,0,1,50,0,0,0,0,0,0,0,0
Leonard Fournette,TB,1,0,0,0,0,0,0,2022,FourLe00,1.8,0,0,0,0,0,0,0,0,0,0,0,0,0,0,0,0
Chad Henne,KC,2,0,0,1,50,0,0,2022,HennCh01,1.8,0,0,0,0,0,1,0,0,0,0,0,0,0,0,0,0
Christian Kirk,JAX,1,0,0,0,0,1,100,2022,KirkCh01,1.1,0,0,0,0,0,0,0,0,0,0,0,0,0,0,0,0
Cooper Kupp,LAR,1,0,0,0,0,1,100,2022,KuppCo00,3.2,0,0,1,1,100,0,0,0,0,0,0,0,0,0,0,0
Tommy Townsend,KC,1,0,0,0,0,1,100,2022,TownTo01,3.3,1,0,0,0,0,0,0,0,0,0,0,0,0,0,0,0
Nick Mullens,MIN,1,0,0,0,0,0,0,2022,MullNi00,2.4,0,0,0,0,0,0,1,100,0,0,0,0,0,0,1,-3
Bryce Perkins,LAR,1,0,0,0,0,0,0,2022,PerkBr02,0.9,1,0,0,0,0,0,1,100,1,0,0,0,1,0,0,0
