player_id,player_name,player_display_name,position,position_group,headshot_url,recent_team,season,week,season_type,completions,attempts,passing_yards,passing_tds,interceptions,sacks,sack_yards,sack_fumbles,sack_fumbles_lost,passing_air_yards,passing_yards_after_catch,passing_first_downs,passing_epa,passing_2pt_conversions,pacr,dakota,carries,rushing_yards,rushing_tds,rushing_fumbles,rushing_fumbles_lost,rushing_first_downs,rushing_epa,rushing_2pt_conversions,receptions,targets,receiving_yards,receiving_tds,receiving_fumbles,receiving_fumbles_lost,receiving_air_yards,receiving_yards_after_catch,receiving_first_downs,receiving_epa,receiving_2pt_conversions,racr,target_share,air_yards_share,wopr,special_teams_tds,fantasy_points,fantasy_points_ppr
00-0019596,T.Brady,Tom Brady,QB,QB,"https://static.www.nfl.com/image/private/f_auto,q_auto/league/n7fj5fjblf6pdgjdtphr",TB,2022,1,REG,18,27,212,1,1,2,17,0,0,305,87,9,1.05085355477425,0,0.695081967213115,0.0756322575381053,2,-1,0,0,0,0,-1.43716751458123,0,0,0,0,0,0,0,0,0,0,,0,,,,,0,10.38,10.38
00-0023459,A.Rodgers,Aaron Rodgers,QB,QB,"https://static.www.nfl.com/image/private/f_auto,q_auto/league/mee42twdk3qpcdotzdka",GB,2022,1,REG,22,34,195,0,1,4,33,1,1,190,134,9,-11.6275446414365,0,1.02631578947368,0.0127103545156337,1,-1,0,0,0,0,0,0,0,0,0,0,0,0,0,0,0,,0,,,,,0,3.7,3.7
00-0026143,M.Ryan,Matt Ryan,QB,QB,"https://static.www.nfl.com/image/private/f_auto,q_auto/league/s6zam4ekrrnonsck6vak",IND,2022,1,REG,32,50,352,1,1,2,12,2,0,317,172,20,3.00478438085117,0,1.11041009463722,0.0301933872063796,4,12,0,2,1,2,-4.4179510344984,0,0,0,0,0,0,0,0,0,0,,0,,,,,0,15.28,15.28
00-0026158,J.Flacco,Joe Flacco,QB,QB,"https://static.www.nfl.com/image/private/f_auto,q_auto/league/kygd4zisxpt6uwztrxhk",NYJ,2022,1,REG,37,59,307,1,1,3,12,0,0,286,137,18,-7.11041146392544,0,1.07342657342657,0.0134217352791803,1,0,0,0,0,0,-1.23062672500964,0,0,0,0,0,0,0,0,0,0,,0,,,,,0,14.28,14.28
00-0026498,M.Stafford,Matthew Stafford,QB,QB,"https://static.www.nfl.com/image/private/f_auto,q_auto/league/eteieq8zzws1fbcgzbip",LA,2022,1,REG,29,41,240,1,3,7,49,1,0,239,124,14,-16.7483014564621,0,1.00418410041841,0.0229568279943579,1,2,0,0,0,1,0.15880790958181,0,0,0,0,0,0,0,0,0,0,,0,,,,,0,7.8,7.8
00-0027942,A.Green,A.J. Green,WR,WR,"https://static.www.nfl.com/image/private/f_auto,q_auto/league/guj5a9vnnzqfiljupzuj",ARI,2022,1,REG,0,0,0,0,0,0,0,0,0,0,0,0,,0,,,0,0,0,0,0,0,,0,2,4,13,0,0,0,42,0,1,-2.83125655120239,0,0.30952380952381,0.111111111111111,0.157894736842105,0.27719298245614,0,1.3,3.3
00-0027944,J.Jones,Julio Jones,WR,WR,"https://static.www.nfl.com/image/private/f_auto,q_auto/league/pxrjunbln50toj2tmvbs",TB,2022,1,REG,0,0,0,0,0,0,0,0,0,0,0,0,,0,,,2,17,0,0,0,2,1.33296898548724,0,3,5,69,0,0,0,110,15,2,2.73006536544036,0,0.627272727272727,0.185185185185185,0.360655737704918,0.53023679417122,0,8.6,11.6
00-0027966,M.Ingram,Mark Ingram,RB,RB,"https://static.www.nfl.com/image/private/f_auto,q_auto/league/qyju9wutyssrf0b26ran",NO,2022,1,REG,0,0,0,0,0,0,0,0,0,0,0,0,,0,,,4,22,0,0,0,2,2.26444705901668,0,1,1,1,0,1,1,-6,7,0,-4.83268591668457,0,-0.166666666666667,0.03125,-0.0201342281879195,0.0327810402684564,0,0.3,1.3
00-0028002,R.Cobb,Randall Cobb,WR,WR,"https://static.www.nfl.com/image/private/f_auto,q_auto/league/wphqc5wstbm0wji2bpxk",GB,2022,1,REG,0,0,0,0,0,0,0,0,0,0,0,0,,0,,,0,0,0,0,0,0,,0,2,3,14,0,0,0,55,4,2,0.889277842652518,0,0.254545454545455,0.0857142857142857,0.261904761904762,0.311904761904762,0,1.4,3.4
00-0029239,B.Bolden,Brandon Bolden,RB,RB,"https://static.www.nfl.com/image/private/f_auto,q_auto/league/pfjkzc83utqnmzjqe1wy",LV,2022,1,REG,0,0,0,0,0,0,0,0,0,0,0,0,,0,,,3,7,0,0,0,0,-2.0711178110214,0,2,2,21,1,0,0,13,8,1,2.54309680486323,0,1.61538461538462,0.0571428571428571,0.0391566265060241,0.113123924268503,0,8.8,10.8
00-0029263,R.Wilson,Russell Wilson,QB,QB,"https://static.www.nfl.com/image/private/f_auto,q_auto/league/gebzv2aljujgleboe4ns",DEN,2022,1,REG,29,42,340,1,0,2,10,0,0,275,230,13,15.1618857017008,0,1.23636363636364,0.236981805265994,1,2,0,0,0,0,-0.432216548244469,0,0,0,0,0,0,0,0,0,0,,0,,,,,0,17.8,17.8
00-0029293,M.Jones,Marvin Jones,WR,WR,"https://static.www.nfl.com/image/private/f_auto,q_auto/league/xjvmodkuzq2euwtr7o85",JAX,2022,1,REG,0,0,0,0,0,0,0,0,0,0,0,0,,0,,,0,0,0,0,0,0,,0,4,6,38,0,0,0,101,3,3,2.28417011687998,0,0.376237623762376,0.157894736842105,0.275204359673025,0.429485157034275,0,3.8,7.8
00-0029604,K.Cousins,Kirk Cousins,QB,QB,"https://static.www.nfl.com/image/private/f_auto,q_auto/league/h9ndf9ralxifgjvot2q4",MIN,2022,1,REG,23,32,277,2,0,1,8,0,0,164,152,12,9.27219855675757,0,1.6890243902439,0.154006327888641,0,0,0,0,0,0,,0,0,0,0,0,0,0,0,0,0,,0,,,,,0,19.08,19.08
00-0029701,R.Tannehill,Ryan Tannehill,QB,QB,"https://static.www.nfl.com/image/private/f_auto,q_auto/league/hknfdi8rwhtpgpmwlhcy",TEN,2022,1,REG,20,33,266,2,0,1,0,0,0,296,103,13,7.81907604918783,0,0.898648648648649,0.161178663482456,2,7,0,0,0,1,1.43725097016431,0,0,0,0,0,0,0,0,0,0,,0,,,,,0,19.34,19.34
00-0029892,K.Juszczyk,Kyle Juszczyk,FB,RB,"https://static.www.nfl.com/image/private/f_auto,q_auto/league/yw3gzi3ijyn4yhnbvd5c",SF,2022,1,REG,0,0,0,0,0,0,0,0,0,0,0,0,,0,,,0,0,0,0,0,0,,0,0,2,0,0,0,0,7,0,0,-2.38486783113331,0,0,0.0769230769230769,0.0336538461538462,0.138942307692308,0,0,0
00-0030035,A.Thielen,Adam Thielen,WR,WR,"https://static.www.nfl.com/image/private/f_auto,q_auto/league/fuutugtpr0nikfvjwk67",MIN,2022,1,REG,0,0,0,0,0,0,0,0,0,0,0,0,,0,,,0,0,0,0,0,0,,0,3,4,36,0,0,0,27,12,2,0.497465591994114,0,1.33333333333333,0.129032258064516,0.166666666666667,0.310215053763441,0,3.6,6.6
00-0030061,Z.Ertz,Zach Ertz,TE,TE,"https://static.www.nfl.com/image/private/f_auto,q_auto/league/u5sxvgvz0pujcgrsjenk",ARI,2022,1,REG,0,0,0,0,0,0,0,0,0,0,0,0,,0,,,0,0,0,0,0,0,,0,2,4,14,1,0,0,22,4,1,1.13585290452465,1,0.636363636363636,0.111111111111111,0.0827067669172932,0.224561403508772,0,9.4,11.4
00-0030068,M.Goodwin,Marquise Goodwin,WR,WR,"https://static.www.nfl.com/image/private/f_auto,q_auto/league/pmssb3pyiripkxwqmnqp",SEA,2022,1,REG,0,0,0,0,0,0,0,0,0,0,0,0,,0,,,0,0,0,0,0,0,,0,2,2,22,0,0,0,22,0,1,1.23339487586827,0,1,0.0740740740740741,0.162962962962963,0.225185185185185,0,2.2,4.2
00-0030108,R.Griffin,Ryan Griffin,TE,TE,"https://static.www.nfl.com/image/private/f_auto,q_auto/league/izjfxtmk2dhzhrlwpt9g",CHI,2022,1,REG,0,0,0,0,0,0,0,0,0,0,0,0,,0,,,0,0,0,0,0,0,,0,0,2,0,0,0,0,29,0,0,-1.03816040535457,0,0,0.117647058823529,0.179012345679012,0.301779230210603,0,0,0
00-0030279,K.Allen,Keenan Allen,WR,WR,"https://static.www.nfl.com/image/private/f_auto,q_auto/league/i1fgxnhxvwdusljchnsv",LAC,2022,1,REG,0,0,0,0,0,0,0,0,0,0,0,0,,0,,,0,0,0,0,0,0,,0,4,4,66,0,0,0,52,14,2,4.2673814696027,0,1.26923076923077,0.117647058823529,0.221276595744681,0.331364205256571,0,6.6,10.6
00-0030288,R.Burkhead,Rex Burkhead,RB,RB,"https://static.www.nfl.com/image/private/f_auto,q_auto/league/ysgdnkasvp07qmrkasve",HOU,2022,1,REG,0,0,0,0,0,0,0,0,0,0,0,0,,0,,,14,40,0,0,0,1,-4.07322295609629,0,5,8,30,0,0,0,3,30,1,-1.54419890709687,0,10,0.222222222222222,0.0114068441064639,0.341318124207858,0,7,12
00-0030431,R.Woods,Robert Woods,WR,WR,"https://static.www.nfl.com/image/private/f_auto,q_auto/league/reiacycshzdzlvjwdity",TEN,2022,1,REG,0,0,0,0,0,0,0,0,0,0,0,0,,0,,,0,0,0,0,0,0,,0,1,2,13,0,0,0,30,0,1,-0.160423946334049,0,0.433333333333333,0.0645161290322581,0.103448275862069,0.169187986651835,0,1.3,2.3
00-0030506,T.Kelce,Travis Kelce,TE,TE,"https://static.www.nfl.com/image/private/f_auto,q_auto/league/gorkhvipsk0gdqb6bo34",KC,2022,1,REG,0,0,0,0,0,0,0,0,0,0,0,0,,0,,,0,0,0,0,0,0,,0,8,9,121,1,0,0,95,34,7,11.6258695430796,0,1.27368421052632,0.230769230769231,0.3125,0.564903846153846,0,18.1,26.1
00-0030565,G.Smith,Geno Smith,QB,QB,"https://static.www.nfl.com/image/private/f_auto,q_auto/league/jdkrvzqqhkbg62hstgtw",SEA,2022,1,REG,23,28,195,2,0,2,18,1,0,144,89,9,8.27417397450381,0,1.35416666666667,0.210157158884037,6,14,0,0,0,1,-2.87951385427732,0,0,0,0,0,0,0,0,0,0,,0,,,,,0,17.2,17.2
00-0030578,C.Patterson,Cordarrelle Patterson,RB,RB,"https://static.www.nfl.com/image/private/f_auto,q_auto/league/ncyzuofecpl1v63vznp6",ATL,2022,1,REG,0,0,0,0,0,0,0,0,0,0,0,0,,0,,,22,120,1,0,0,10,2.39526598603698,0,3,5,16,0,0,0,18,10,1,-0.331595937844891,0,0.888888888888889,0.15625,0.0638297872340426,0.27905585106383,0,19.6,22.6
00-0030874,D.Williams,Damien Williams,RB,RB,"https://static.www.nfl.com/image/private/f_auto,q_auto/league/ga4vusnfwfvhp2ksqw7x",ATL,2022,1,REG,0,0,0,0,0,0,0,0,0,0,0,0,,0,,,2,2,0,0,0,0,-1.12978465296328,0,0,0,0,0,0,0,0,0,0,,0,,,,,0,0.2,0.2
00-0031236,B.Cooks,Brandin Cooks,WR,WR,"https://static.www.nfl.com/image/private/f_auto,q_auto/league/fsvyyiinddsyo87r9l3t",HOU,2022,1,REG,0,0,0,0,0,0,0,0,0,0,0,0,,0,,,0,0,0,0,0,0,,0,7,12,82,0,0,0,131,11,4,-1.16668155076629,0,0.625954198473283,0.333333333333333,0.498098859315589,0.848669201520913,0,8.2,15.2
00-0031260,L.Thomas,Logan Thomas,TE,TE,"https://static.www.nfl.com/image/private/f_auto,q_auto/league/qzubfqjw16z37rm7se0d",WAS,2022,1,REG,0,0,0,0,0,0,0,0,0,0,0,0,,0,,,0,0,0,0,0,0,,0,3,6,45,0,0,0,70,19,2,3.3000864693895,0,0.642857142857143,0.146341463414634,0.241379310344828,0.388477712363331,0,4.5,7.5
00-0031273,C.Brate,Cameron Brate,TE,TE,"https://static.www.nfl.com/image/private/f_auto,q_auto/league/lh1e0z6x8k9hqz1aba5b",TB,2022,1,REG,0,0,0,0,0,0,0,0,0,0,0,0,,0,,,0,0,0,0,0,0,,0,1,3,7,0,0,0,15,1,1,-1.44549179909518,0,0.466666666666667,0.111111111111111,0.0491803278688525,0.201092896174863,0,0.7,1.7
00-0031280,D.Carr,Derek Carr,QB,QB,"https://static.www.nfl.com/image/private/f_auto,q_auto/league/l1eqjrajbnisr91dmlcl",LV,2022,1,REG,22,37,295,2,3,5,29,2,0,341,126,17,-4.54595887027065,0,0.865102639296188,0.0142008150146106,0,0,0,0,0,0,,0,0,0,0,0,0,0,0,0,0,,0,,,,,0,13.8,13.8
00-0031325,S.Watkins,Sammy Watkins,WR,WR,"https://static.www.nfl.com/image/private/f_auto,q_auto/league/nkqk4ac4uncxocqlgp2k",GB,2022,1,REG,0,0,0,0,0,0,0,0,0,0,0,0,,0,,,0,0,0,0,0,0,,0,3,3,18,0,0,0,2,16,2,1.19284095382318,0,9,0.0857142857142857,0.00952380952380953,0.135238095238095,0,1.8,4.8
00-0031376,J.McKinnon,Jerick McKinnon,RB,RB,"https://static.www.nfl.com/image/private/f_auto,q_auto/league/kymimlahjvox7vv3vevi",KC,2022,1,REG,0,0,0,0,0,0,0,0,0,0,0,0,,0,,,4,22,0,0,0,1,-0.43029585108161,0,3,4,27,0,0,0,-3,41,1,1.37782717481605,0,-9,0.102564102564103,-0.00986842105263158,0.146938259109312,0,4.9,7.9
00-0031381,D.Adams,Davante Adams,WR,WR,"https://static.www.nfl.com/image/private/f_auto,q_auto/league/jmojceirzhgctrcfi4aw",LV,2022,1,REG,0,0,0,0,0,1,10,0,0,0,0,0,-1.80456407845486,0,,,0,0,0,0,0,0,,0,10,17,141,1,0,0,177,62,8,5.19271303576534,0,0.796610169491525,0.485714285714286,0.533132530120482,1.10176419965577,0,20.1,30.1
00-0031382,J.Landry,Jarvis Landry,WR,WR,"https://static.www.nfl.com/image/private/f_auto,q_auto/league/w2q9uwsjvgadwyvnvopb",NO,2022,1,REG,0,0,0,0,0,0,0,0,0,0,0,0,,0,,,0,0,0,0,0,0,,0,7,9,114,0,0,0,123,15,4,4.50133623124502,0,0.926829268292683,0.28125,0.412751677852349,0.710801174496644,0,11.4,18.4
00-0031384,R.Rodgers,Richard Rodgers,TE,TE,"https://static.www.nfl.com/image/private/f_auto,q_auto/league/l9zei9dkcmbml3q1nshk",LAC,2022,1,REG,0,0,0,0,0,0,0,0,0,0,0,0,,0,,,0,0,0,0,0,0,,0,0,1,0,0,0,0,1,0,0,-0.229189833567943,0,0,0.0294117647058824,0.00425531914893617,0.0470963704630788,0,0,0
00-0031408,M.Evans,Mike Evans,WR,WR,"https://static.www.nfl.com/image/private/f_auto,q_auto/league/hp7exmuqylysgife5p9m",TB,2022,1,REG,0,0,0,0,0,0,0,0,0,0,0,0,,0,,,0,0,0,0,0,0,,0,5,7,71,1,0,0,90,10,5,2.65326032391749,0,0.788888888888889,0.259259259259259,0.295081967213115,0.595446265938069,0,13.1,18.1
00-0031428,A.Robinson,Allen Robinson,WR,WR,"https://static.www.nfl.com/image/private/f_auto,q_auto/league/q9aj6lloix5ocf7xk8ry",LA,2022,1,REG,0,0,0,0,0,0,0,0,0,0,0,0,,0,,,0,0,0,0,0,0,,0,1,2,12,0,0,0,28,0,0,-2.10468805202981,0,0.428571428571429,0.0487804878048781,0.117154811715481,0.155179099908154,0,1.2,2.2
00-0031503,J.Winston,Jameis Winston,QB,QB,"https://static.www.nfl.com/image/private/f_auto,q_auto/league/dccgvojszpt06iwtmgv7",NO,2022,1,REG,23,34,269,2,0,4,35,0,0,297,62,12,1.23577283550773,1,0.905723905723906,0.108692186439432,2,9,0,0,0,0,-0.977529558818787,0,0,0,0,0,0,0,0,0,0,,0,,,,,0,21.66,21.66
00-0031544,A.Cooper,Amari Cooper,WR,WR,"https://static.www.nfl.com/image/private/f_auto,q_auto/league/zibbxjtein7gpu5zgcj4",CLE,2022,1,REG,0,0,0,0,0,0,0,0,0,0,0,0,,0,,,0,0,0,0,0,0,,0,3,6,17,0,0,0,63,6,0,-4.74890376831172,0,0.26984126984127,0.2,0.277533039647577,0.494273127753304,0,1.7,4.7
00-0031547,D.Parker,DeVante Parker,WR,WR,"https://static.www.nfl.com/image/private/f_auto,q_auto/league/cgbhrfcqdoe3yvpsic04",NE,2022,1,REG,0,0,0,0,0,0,0,0,0,0,0,0,,0,,,0,0,0,0,0,0,,0,1,2,9,0,0,0,26,5,1,-5.29923196486197,0,0.346153846153846,0.0666666666666667,0.0931899641577061,0.165232974910394,0,0.9,1.9
00-0031549,N.Agholor,Nelson Agholor,WR,WR,"https://static.www.nfl.com/image/private/f_auto,q_auto/league/lzwbfozvtpqpht74alh0",NE,2022,1,REG,0,0,0,0,0,0,0,0,0,0,0,0,,0,,,0,0,0,0,0,0,,0,3,5,28,0,1,1,52,23,1,-1.82188996870536,0,0.538461538461538,0.166666666666667,0.186379928315412,0.380465949820789,0,0.8,3.8
00-0031588,S.Diggs,Stefon Diggs,WR,WR,"https://static.www.nfl.com/image/private/f_auto,q_auto/league/hcvd2avk0kufoli80veb",BUF,2022,1,REG,0,0,0,0,0,0,0,0,0,0,0,0,,0,,,0,0,0,0,0,0,,0,8,9,122,1,0,0,99,27,5,10.8274558605626,0,1.23232323232323,0.290322580645161,0.436123348017621,0.740770214580077,0,18.2,26.2
00-0031610,D.Waller,Darren Waller,TE,TE,"https://static.www.nfl.com/image/private/f_auto,q_auto/league/c7jaefxw5xiawscvnqc0",LV,2022,1,REG,0,0,0,0,0,0,0,0,0,0,0,0,,0,,,0,0,0,0,0,0,,0,4,6,79,0,0,0,83,27,4,0.025576882332512,0,0.951807228915663,0.171428571428571,0.25,0.432142857142857,0,7.9,11.9
00-0031687,R.Mostert,Raheem Mostert,RB,RB,"https://static.www.nfl.com/image/private/f_auto,q_auto/league/ukk92rkuyqdyx3sigj5z",MIA,2022,1,REG,0,0,0,0,0,0,0,0,0,0,0,0,,0,,,5,16,0,0,0,2,-0.576663784158882,0,1,1,16,0,0,0,2,14,1,0.907143781427294,0,8,0.032258064516129,0.00769230769230769,0.0537717121588089,0,3.2,4.2
00-0031690,E.Tomlinson,Eric Tomlinson,TE,TE,"https://static.www.nfl.com/image/private/f_auto,q_auto/league/swiwooxium4wmas8wq4c",DEN,2022,1,REG,0,0,0,0,0,0,0,0,0,0,0,0,,0,,,0,0,0,0,0,0,,0,0,1,0,0,0,0,3,0,0,-0.407143039745279,0,0,0.024390243902439,0.0107913669064748,0.0441393226881909,0,0,0
00-0031763,D.Carter,DeAndre Carter,WR,WR,"https://static.www.nfl.com/image/private/f_auto,q_auto/league/fgkf5m167nupk3jv3w5w",LAC,2022,1,REG,0,0,0,0,0,0,0,0,0,0,0,0,,0,,,0,0,0,0,0,0,,0,3,4,64,1,0,0,77,5,3,4.72362183278892,0,0.831168831168831,0.117647058823529,0.327659574468085,0.405832290362954,0,12.4,15.4
00-0031941,J.Crowder,Jamison Crowder,WR,WR,"https://static.www.nfl.com/image/private/f_auto,q_auto/league/gcupjxhtzwve2kidaulz",BUF,2022,1,REG,0,0,0,0,0,0,0,0,0,0,0,0,,0,,,0,0,0,0,0,0,,0,3,4,28,0,0,0,24,16,3,-0.835465132608078,0,1.16666666666667,0.129032258064516,0.105726872246696,0.267557197669461,0,2.8,5.8
00-0032054,B.Perriman,Breshad Perriman,WR,WR,"https://static.www.nfl.com/image/private/f_auto,q_auto/league/yaurjahdzk6pski1lvcp",TB,2022,1,REG,0,0,0,0,0,0,0,0,0,0,0,0,,0,,,1,-7,0,0,0,0,-2.18240024754778,0,0,3,0,0,0,0,86,0,0,-1.94337867377961,0,0,0.111111111111111,0.281967213114754,0.364043715846995,0,-0.7,-0.7
00-0032063,M.Davis,Mike Davis,RB,RB,"https://static.www.nfl.com/image/private/f_auto,q_auto/league/csrqinegeyunycijua2q",BAL,2022,1,REG,0,0,0,0,0,0,0,0,0,0,0,0,,0,,,2,11,0,1,0,1,-0.137399752391502,0,0,0,0,0,0,0,0,0,0,,0,,,,,0,1.1,1.1
00-0032104,A.Abdullah,Ameer Abdullah,RB,RB,"https://static.www.nfl.com/image/private/f_auto,q_auto/league/ischbuioesyvw4w0fjxv",LV,2022,1,REG,0,0,0,0,0,0,0,0,0,0,0,0,,0,,,0,0,0,0,0,0,,0,0,1,0,0,0,0,17,0,0,-0.778982576914132,0,0,0.0285714285714286,0.0512048192771084,0.0787005163511188,0,0,0
00-0032128,C.Conley,Chris Conley,WR,WR,"https://static.www.nfl.com/image/private/f_auto,q_auto/league/kr0sv1dlpubdrigr0ve2",HOU,2022,1,REG,0,0,0,0,0,0,0,0,0,0,0,0,,0,,,0,0,0,0,0,0,,0,0,2,0,0,0,0,18,0,0,-2.07062873849645,0,0,0.0555555555555556,0.0684410646387833,0.131242078580482,0,0,0
00-0032141,G.Swaim,Geoff Swaim,TE,TE,"https://static.www.nfl.com/image/private/f_auto,q_auto/league/zkurufp1suswhdb611hs",TEN,2022,1,REG,0,0,0,0,0,0,0,0,0,0,0,0,,0,,,0,0,0,0,0,0,,0,3,4,19,0,0,0,4,19,1,0.260949969582725,0,4.75,0.129032258064516,0.0137931034482759,0.203203559510567,0,1.9,4.9
00-0032144,M.Gordon,Melvin Gordon,RB,RB,"https://static.www.nfl.com/image/private/f_auto,q_auto/league/i4g8x7yotpgszlyanow0",DEN,2022,1,REG,0,0,0,0,0,0,0,0,0,0,0,0,,0,,,12,58,0,1,1,2,-4.17942285357276,0,2,2,14,0,0,0,7,7,0,0.000340620123984614,0,2,0.0487804878048781,0.0251798561151079,0.0907966309878926,0,5.2,7.2
00-0032200,T.Montgomery,Ty Montgomery,WR,WR,"https://static.www.nfl.com/image/private/f_auto,q_auto/league/u45mse464fs7zxylwudr",NE,2022,1,REG,0,0,0,0,0,0,0,0,0,0,0,0,,0,,,2,-2,0,0,0,0,-3.09117927588522,0,3,4,15,1,0,0,13,7,1,2.18084644415649,0,1.15384615384615,0.133333333333333,0.0465949820788531,0.232616487455197,0,7.3,10.3
00-0032208,P.Dorsett,Phillip Dorsett,WR,WR,"https://static.www.nfl.com/image/private/f_auto,q_auto/league/wta1whv8pvjhmndkrnxy",HOU,2022,1,REG,0,0,0,0,0,0,0,0,0,0,0,0,,0,,,0,0,0,0,0,0,,0,0,1,0,0,0,0,5,0,0,-0.886862312210724,0,0,0.0277777777777778,0.0190114068441065,0.0549746514575412,0,0,0
00-0032211,T.Lockett,Tyler Lockett,WR,WR,"https://static.www.nfl.com/image/private/f_auto,q_auto/league/z3gwnzhfaiq9dkhx1ui5",SEA,2022,1,REG,0,0,0,0,0,0,0,0,0,0,0,0,,0,,,0,0,0,0,0,0,,0,3,4,28,0,0,0,29,5,2,2.71325352042913,0,0.96551724137931,0.148148148148148,0.214814814814815,0.372592592592593,0,2.8,5.8
00-0032214,T.Kroft,Tyler Kroft,TE,TE,"https://static.www.nfl.com/image/private/f_auto,q_auto/league/jatdbdpswqdwvukemp1t",SF,2022,1,REG,0,0,0,0,0,0,0,0,0,0,0,0,,0,,,0,0,0,0,0,0,,0,1,2,9,0,0,0,33,3,0,-0.324232539511286,0,0.272727272727273,0.0769230769230769,0.158653846153846,0.226442307692308,0,0.9,1.9
00-0032268,M.Mariota,Marcus Mariota,QB,QB,"https://static.www.nfl.com/image/private/f_auto,q_auto/league/sd59iwjj69atxaqjti1r",ATL,2022,1,REG,20,33,215,0,0,0,0,0,0,282,78,8,5.02130332992631,0,0.762411347517731,0.0619536898475156,12,72,1,2,1,3,-1.74504733912181,0,0,0,0,0,0,0,0,0,0,,0,,,,,0,19.8,19.8
00-0032385,S.Shepard,Sterling Shepard,WR,WR,"https://static.www.nfl.com/image/private/f_auto,q_auto/league/ftqdcadfmh5jb4fwqqxx",NYG,2022,1,REG,0,0,0,0,0,0,0,0,0,0,0,0,,0,,,0,0,0,0,0,0,,0,2,4,71,1,0,0,42,28,1,4.23054154589772,0,1.69047619047619,0.19047619047619,0.35,0.530714285714286,0,13.1,15.1
00-0032392,A.Hooper,Austin Hooper,TE,TE,"https://static.www.nfl.com/image/private/f_auto,q_auto/league/yeobojameg9dram1qiqo",TEN,2022,1,REG,0,0,0,0,0,0,0,0,0,0,0,0,,0,,,0,0,0,0,0,0,,0,1,2,6,0,0,0,10,2,0,-0.0907714960048907,0,0.6,0.0645161290322581,0.0344827586206897,0.12091212458287,0,0.6,1.6
00-0032398,C.Moore,Chris Moore,WR,WR,"https://static.www.nfl.com/image/private/f_auto,q_auto/league/qr0vpcglqsagx7trpslz",HOU,2022,1,REG,0,0,0,0,0,0,0,0,0,0,0,0,,0,,,0,0,0,0,0,0,,0,3,3,31,0,0,0,15,16,2,3.35801960341632,0,2.06666666666667,0.0833333333333333,0.0570342205323194,0.164923954372624,0,3.1,6.1
00-0032436,J.Driskel,Jeff Driskel,QB,QB,"https://static.www.nfl.com/image/private/f_auto,q_auto/league/v3jeegvxptm1esa4gckx",HOU,2022,1,REG,0,0,0,0,0,0,0,0,0,0,0,0,,0,,,1,5,0,0,0,1,1.03694689669646,0,0,0,0,0,0,0,0,0,0,,0,,,,,0,0.5,0.5
00-0032464,K.Raymond,Kalif Raymond,WR,WR,"https://static.www.nfl.com/image/private/f_auto,q_auto/league/tbqpvuoxh80zjvgao9ww",DET,2022,1,REG,0,0,0,0,0,0,0,0,0,0,0,0,,0,,,0,0,0,0,0,0,,0,0,2,0,0,0,0,39,0,0,-1.29765780403977,0,0,0.0540540540540541,0.127450980392157,0.170296767355591,0,0,0
00-0032602,J.McKissic,J.D. McKissic,RB,RB,"https://static.www.nfl.com/image/private/f_auto,q_auto/league/zi77vkqwrmklt5ic6lc6",WAS,2022,1,REG,0,0,0,0,0,0,0,0,0,0,0,0,,0,,,3,8,0,0,0,1,-0.989754099282436,0,3,3,20,0,0,0,1,19,1,-0.158128001610748,1,20,0.0731707317073171,0.00344827586206897,0.112169890664424,0,4.8,7.8
00-0032688,R.Anderson,Robby Anderson,WR,WR,"https://static.www.nfl.com/image/private/f_auto,q_auto/league/jkkv44ceitqlnpze83ff",CAR,2022,1,REG,0,0,0,0,0,0,0,0,0,0,0,0,,0,,,0,0,0,0,0,0,,0,5,8,102,1,0,0,70,51,1,3.06748033617623,0,1.45714285714286,0.32,0.419161676646707,0.773413173652695,0,16.2,21.2
00-0032764,D.Henry,Derrick Henry,RB,RB,"https://static.www.nfl.com/image/private/f_auto,q_auto/league/ved7bttliyuaps02d77d",TEN,2022,1,REG,0,0,0,0,0,0,0,0,0,0,0,0,,0,,,21,82,0,1,0,1,-4.73318183934316,0,0,1,0,0,0,0,-1,0,0,-1.43586486280396,0,0,0.032258064516129,-0.00344827586206897,0.0459733036707453,0,8.2,8.2
00-0032765,M.Thomas,Michael Thomas,WR,WR,"https://static.www.nfl.com/image/private/f_auto,q_auto/league/vnfqnppl5thavzfyl3rt",NO,2022,1,REG,0,0,0,0,0,0,0,0,0,0,0,0,,0,,,0,0,0,0,0,0,,0,5,8,57,2,0,0,88,5,4,4.77880729257595,0,0.647727272727273,0.25,0.295302013422819,0.581711409395973,0,17.7,22.7
00-0032775,D.Robinson,Demarcus Robinson,WR,WR,"https://static.www.nfl.com/image/private/f_auto,q_auto/league/ceqqkylismka583qo9kk",BAL,2022,1,REG,0,0,0,0,0,0,0,0,0,0,0,0,,0,,,0,0,0,0,0,0,,0,2,4,19,0,0,0,41,9,1,-1.53970340837259,0,0.463414634146342,0.137931034482759,0.116477272727273,0.288430642633229,0,1.9,3.9
00-0032918,C.Ham,C.J. Ham,FB,RB,"https://static.www.nfl.com/image/private/f_auto,q_auto/league/hlpgajcnfj1kcemltu5f",MIN,2022,1,REG,0,0,0,0,0,0,0,0,0,0,0,0,,0,,,0,0,0,0,0,0,,0,1,1,6,0,0,0,-5,11,1,0.457903222646564,0,-1.2,0.032258064516129,-0.0308641975308642,0.0267821585025886,0,0.6,1.6
00-0032950,C.Wentz,Carson Wentz,QB,QB,"https://static.www.nfl.com/image/private/f_auto,q_auto/league/komdw34m3vpzadqftxzh",WAS,2022,1,REG,27,41,313,4,2,1,8,0,0,290,178,16,8.54384822159773,1,1.07931034482759,0.144417628129933,6,12,0,0,0,0,0.314388236263767,0,0,0,0,0,0,0,0,0,0,,0,,,,,0,27.72,27.72
00-0033009,T.Boyd,Tyler Boyd,WR,WR,"https://static.www.nfl.com/image/private/f_auto,q_auto/league/kzzhrm9gbefdpobngtzq",CIN,2022,1,REG,0,0,0,0,0,0,0,0,0,0,0,0,,0,,,0,0,0,0,0,0,,0,4,7,33,1,0,0,87,1,3,-7.10469834081596,0,0.379310344827586,0.132075471698113,0.243697478991597,0.368701442841287,0,9.3,13.3
00-0033040,T.Hill,Tyreek Hill,WR,WR,"https://static.www.nfl.com/image/private/f_auto,q_auto/league/lsszbdnkusxc7mduw5be",MIA,2022,1,REG,0,0,0,0,0,0,0,0,0,0,0,0,,0,,,1,6,0,0,0,0,0.180254671024159,0,8,12,94,0,1,0,109,40,5,0.810912940840554,0,0.862385321100918,0.387096774193548,0.419230769230769,0.874106699751861,0,10,18
00-0033045,E.Elliott,Ezekiel Elliott,RB,RB,"https://static.www.nfl.com/image/private/f_auto,q_auto/league/eazag7iwciy9ari8hoju",DAL,2022,1,REG,0,0,0,0,0,0,0,0,0,0,0,0,,0,,,10,52,0,0,0,3,1.22217419929802,0,1,2,-3,0,0,0,-6,0,0,-1.40845009917393,0,0.5,0.0487804878048781,-0.0165289256198347,0.0616004837734328,0,4.9,5.9
00-0033077,D.Prescott,Dak Prescott,QB,QB,"https://static.www.nfl.com/image/private/f_auto,q_auto/league/ofhu8bvafse5folcjzyu",DAL,2022,1,REG,14,29,134,0,1,2,13,0,0,202,56,6,-12.4829248921897,0,0.663366336633663,-0.0929505363588103,2,11,0,0,0,1,1.28272136487067,0,0,0,0,0,0,0,0,0,0,,0,,,,,0,4.46,4.46
00-0033090,H.Henry,Hunter Henry,TE,TE,"https://static.www.nfl.com/image/private/f_auto,q_auto/league/hyjz8co5tlq5dkg8ff7p",NE,2022,1,REG,0,0,0,0,0,0,0,0,0,0,0,0,,0,,,0,0,0,0,0,0,,0,2,3,20,0,0,0,38,5,1,-2.37663300195709,0,0.526315789473684,0.1,0.136200716845878,0.245340501792115,0,2,4
00-0033106,J.Goff,Jared Goff,QB,QB,"https://static.www.nfl.com/image/private/f_auto,q_auto/league/s4hzfab5iglq2tmjb0xy",DET,2022,1,REG,21,37,215,2,1,1,10,1,0,306,119,12,-2.11207604219089,0,0.702614379084967,0.013870279731595,2,9,0,0,0,1,1.54892839444801,0,0,0,0,0,0,0,0,0,0,,0,,,,,0,15.5,15.5
00-0033110,T.Higbee,Tyler Higbee,TE,TE,"https://static.www.nfl.com/image/private/f_auto,q_auto/league/b6kn7vqe0iplpkgmzzv1",LA,2022,1,REG,0,0,0,0,0,0,0,0,0,0,0,0,,0,,,0,0,0,0,0,0,,0,5,11,39,0,0,0,19,27,4,-9.24252387980232,0,2.05263157894737,0.268292682926829,0.0794979079497908,0.458087559955098,0,3.9,8.9
00-0033114,Mi.Thomas,Mike Thomas,WR,WR,"https://static.www.nfl.com/image/private/f_auto,q_auto/league/sytj4awk8kseyootqzec",CIN,2022,1,REG,0,0,0,0,0,0,0,0,0,0,0,0,,0,,,0,0,0,0,0,0,,0,1,5,5,0,0,0,64,1,0,-2.66290808923077,1,0.078125,0.0943396226415094,0.179271708683473,0.266999630040696,0,2.5,3.5
00-0033118,K.Drake,Kenyan Drake,RB,RB,"https://static.www.nfl.com/image/private/f_auto,q_auto/league/rp5apwel9vuk49b4lykn",BAL,2022,1,REG,0,0,0,0,0,0,0,0,0,0,0,0,,0,,,11,31,0,0,0,1,-3.53044704534113,0,1,1,15,0,0,0,-3,18,1,1.08740039600525,0,-5,0.0344827586206897,-0.00852272727272727,0.0457582288401254,0,4.6,5.6
00-0033119,J.Brissett,Jacoby Brissett,QB,QB,"https://static.www.nfl.com/image/private/f_auto,q_auto/league/z12an2n54jj6ycouwg9h",CLE,2022,1,REG,18,34,147,1,0,1,9,0,0,248,57,7,-7.34691728876465,0,0.592741935483871,0.0266394532728625,4,10,0,0,0,1,1.60133951250464,0,0,0,0,0,0,0,0,0,0,,0,,,,,0,10.88,10.88
00-0033217,M.Alie-Cox,Mo Alie-Cox,TE,TE,"https://static.www.nfl.com/image/private/f_auto,q_auto/league/un5q3gv7t6zjuoohowwe",IND,2022,1,REG,0,0,0,0,0,0,0,0,0,0,0,0,,0,,,0,0,0,0,0,0,,0,2,2,26,0,0,0,13,13,2,2.41907083452679,0,2,0.0408163265306122,0.0407523510971787,0.0897511355639434,0,2.6,4.6
00-0033246,J.Mundt,Johnny Mundt,TE,TE,"https://static.www.nfl.com/image/private/f_auto,q_auto/league/sjglruhtgs3eeea6zd3i",MIN,2022,1,REG,0,0,0,0,0,0,0,0,0,0,0,0,,0,,,0,0,0,0,0,0,,0,3,3,17,0,0,0,3,14,1,0.239877821877599,0,5.66666666666667,0.0967741935483871,0.0185185185185185,0.158124253285544,0,1.7,4.7
00-0033251,Z.Pascal,Zach Pascal,WR,WR,"https://static.www.nfl.com/image/private/f_auto,q_auto/league/rnqfuvudqkxumzde9wl8",PHI,2022,1,REG,0,0,0,0,0,0,0,0,0,0,0,0,,0,,,0,0,0,0,0,0,,0,1,1,7,0,0,0,3,4,1,1.67167435679585,0,2.33333333333333,0.0344827586206897,0.0232558139534884,0.0680032076984763,0,0.7,1.7
00-0033280,C.McCaffrey,Christian McCaffrey,RB,RB,"https://static.www.nfl.com/image/private/f_auto,q_auto/league/jfcr5eaays6lri4m7qum",CAR,2022,1,REG,0,0,0,0,0,0,0,0,0,0,0,0,,0,,,10,33,1,0,0,3,0.885925423289164,0,4,4,24,0,0,0,-12,36,1,1.50946855684742,0,-2,0.16,-0.0718562874251497,0.189700598802395,0,11.7,15.7
00-0033282,C.Samuel,Curtis Samuel,WR,WR,"https://static.www.nfl.com/image/private/f_auto,q_auto/league/y7qqpnfdih0wi5soa8kn",WAS,2022,1,REG,0,0,0,0,0,0,0,0,0,0,0,0,,0,,,4,17,0,1,1,1,-3.64176881016465,0,8,11,55,1,0,0,11,48,5,2.98890951514477,0,5,0.268292682926829,0.0379310344827586,0.428990748528175,0,11.2,19.2
00-0033293,A.Jones,Aaron Jones,RB,RB,"https://static.www.nfl.com/image/private/f_auto,q_auto/league/oo8yixhsahh4gznox7th",GB,2022,1,REG,0,0,0,0,0,0,0,0,0,0,0,0,,0,,,5,49,0,0,0,3,2.59088060789509,0,3,5,27,0,0,0,-4,36,1,-0.272080201772042,0,-6.75,0.142857142857143,-0.0190476190476191,0.200952380952381,0,7.6,10.6
00-0033307,K.Bourne,Kendrick Bourne,WR,WR,"https://static.www.nfl.com/image/private/f_auto,q_auto/league/avjyg0eicioviziqgho2",NE,2022,1,REG,0,0,0,0,0,0,0,0,0,0,0,0,,0,,,0,0,0,0,0,0,,0,1,1,41,0,0,0,36,5,1,2.68740234139841,0,1.13888888888889,0.0333333333333333,0.129032258064516,0.140322580645161,0,4.1,5.1
00-0033308,M.Breida,Matt Breida,RB,RB,"https://static.www.nfl.com/image/private/f_auto,q_auto/league/zdc1k7xatfuh9s50vqtw",NYG,2022,1,REG,0,0,0,0,0,0,0,0,0,0,0,0,,0,,,5,24,0,0,0,1,1.31016525620362,0,0,0,0,0,0,0,0,0,0,,0,,,,,0,2.4,2.4
00-0033357,T.Hill,Taysom Hill,QB,QB,"https://static.www.nfl.com/image/private/f_auto,q_auto/league/pjp1aahvacigoh0sorpg",NO,2022,1,REG,0,0,0,0,0,0,0,0,0,0,0,0,,0,,,4,81,1,0,0,2,7.00820095359813,0,1,1,2,0,0,0,2,0,0,-0.273274828447029,0,1,0.03125,0.00671140939597315,0.0515729865771812,0,14.3,15.3
00-0033376,P.Ricard,Patrick Ricard,FB,RB,"https://static.www.nfl.com/image/private/f_auto,q_auto/league/wfjtva8ytwkmlcehbz4c",BAL,2022,1,REG,0,0,0,0,0,0,0,0,0,0,0,0,,0,,,0,0,0,0,0,0,,0,1,1,7,0,0,0,2,5,0,0.275179107673466,0,3.5,0.0344827586206897,0.00568181818181818,0.0557014106583072,0,0.7,1.7
00-0033386,C.Hollister,Cody Hollister,WR,WR,"https://static.www.nfl.com/image/private/f_auto,q_auto/league/oabhyr90yythhrmion4c",TEN,2022,1,REG,0,0,0,0,0,0,0,0,0,0,0,0,,0,,,0,0,0,0,0,0,,0,1,1,22,0,0,0,22,0,1,1.26875928096706,0,1,0.032258064516129,0.0758620689655172,0.101490545050056,0,2.2,3.2
00-0033439,P.Brown,Pharaoh Brown,TE,TE,"https://static.www.nfl.com/image/private/f_auto,q_auto/league/usqdlxj4jpqbtvsgaisk",HOU,2022,1,REG,0,0,0,0,0,0,0,0,0,0,0,0,,0,,,0,0,0,0,0,0,,0,1,1,17,0,0,0,10,7,1,0.91947395959869,0,1.7,0.0277777777777778,0.0380228136882129,0.0682826362484157,0,1.7,2.7
00-0033455,A.Firkser,Anthony Firkser,TE,TE,"https://static.www.nfl.com/image/private/f_auto,q_auto/league/sbyrto55r5ztra4hylt4",ATL,2022,1,REG,0,0,0,0,0,0,0,0,0,0,0,0,,0,,,0,0,0,0,0,0,,0,1,2,6,0,0,0,8,2,0,-1.78122853912646,0,0.75,0.0625,0.0283687943262411,0.113608156028369,0,0.6,1.6
00-0033466,I.McKenzie,Isaiah McKenzie,WR,WR,"https://static.www.nfl.com/image/private/f_auto,q_auto/league/sm2btbgkg6s1r1hvi931",BUF,2022,1,REG,0,0,0,0,0,0,0,0,0,0,0,0,,0,,,0,0,0,0,0,0,,0,2,3,19,1,0,0,23,1,2,-2.78102386649698,0,0.826086956521739,0.0967741935483871,0.101321585903084,0.216086400454739,0,7.9,9.9
00-0033526,S.Perine,Samaje Perine,RB,RB,"https://static.www.nfl.com/image/private/f_auto,q_auto/league/zxgkgfxxsukpdfwyeauw",CIN,2022,1,REG,0,0,0,0,0,0,0,0,0,0,0,0,,0,,,1,4,0,0,0,0,-0.120145155349746,0,3,5,33,0,0,0,48,33,1,0.996178992179921,0,0.6875,0.0943396226415094,0.134453781512605,0.235627081021088,0,3.7,6.7
00-0033536,M.Williams,Mike Williams,WR,WR,"https://static.www.nfl.com/image/private/f_auto,q_auto/league/e3r9jk7f2zl4qak0orbz",LAC,2022,1,REG,0,0,0,0,0,0,0,0,0,0,0,0,,0,,,0,0,0,0,0,0,,0,2,4,10,0,0,0,14,9,0,-2.61230351849935,0,0.714285714285714,0.117647058823529,0.0595744680851064,0.218172715894869,0,1,3
00-0033553,J.Conner,James Conner,RB,RB,"https://static.www.nfl.com/image/private/f_auto,q_auto/league/taqsrcjxasdwhdmhallf",ARI,2022,1,REG,0,0,0,0,0,0,0,0,0,0,0,0,,0,,,10,26,1,1,0,3,-0.850391329469858,0,5,6,29,0,0,0,7,38,3,-0.698286199301947,0,4.14285714285714,0.166666666666667,0.0263157894736842,0.268421052631579,0,11.5,16.5
00-0033555,M.Hollins,Mack Hollins,WR,WR,"https://static.www.nfl.com/image/private/f_auto,q_auto/league/kjbgxufvchxbh9q8e6hh",LV,2022,1,REG,0,0,0,0,0,0,0,0,0,0,0,0,,0,,,0,0,0,0,0,0,,0,1,1,16,0,0,0,15,1,1,2.40348940889817,0,1.06666666666667,0.0285714285714286,0.0451807228915663,0.0744836488812392,0,1.6,2.6
00-0033572,J.Agnew,Jamal Agnew,WR,WR,"https://static.www.nfl.com/image/private/f_auto,q_auto/league/u6fwq2c4wdtn1nz8vrd3",JAX,2022,1,REG,0,0,0,0,0,0,0,0,0,0,0,0,,0,,,1,6,0,0,0,1,1.50477002712432,0,1,1,6,0,0,0,2,4,0,0.340537807671353,0,3,0.0263157894736842,0.00544959128065395,0.0432883981069841,0,1.2,2.2
00-0033576,E.Saubert,Eric Saubert,TE,TE,"https://static.www.nfl.com/image/private/f_auto,q_auto/league/u6q14gpp39btnbvlkvik",DEN,2022,1,REG,0,0,0,0,0,0,0,0,0,0,0,0,,0,,,0,0,0,0,0,0,,0,0,1,0,0,0,0,16,0,0,-0.440722493396606,0,0,0.024390243902439,0.0575539568345324,0.0768731356378312,0,0,0
00-0033591,N.Brown,Noah Brown,WR,WR,"https://static.www.nfl.com/image/private/f_auto,q_auto/league/mo0v6bxy9vpxtzndba7r",DAL,2022,1,REG,0,0,0,0,0,0,0,0,0,0,0,0,,0,,,0,0,0,0,0,0,,0,5,9,68,0,0,0,85,25,4,-0.0994838898186572,0,0.8,0.219512195121951,0.234159779614325,0.493180138412954,0,6.8,11.8
00-0033662,C.Rush,Cooper Rush,QB,QB,"https://static.www.nfl.com/image/private/f_auto,q_auto/league/jljqcj2lqtdzofclzxa7",DAL,2022,1,REG,7,13,64,0,0,2,12,0,0,155,13,2,-7.56040465075057,0,0.412903225806452,0.0146341107958412,0,0,0,0,0,0,,0,0,0,0,0,0,0,0,0,0,,0,,,,,0,2.56,2.56
00-0033699,A.Ekeler,Austin Ekeler,RB,RB,"https://static.www.nfl.com/image/private/f_auto,q_auto/league/tl0nhc7kyf4aumbyzs5b",LAC,2022,1,REG,0,0,0,0,0,0,0,0,0,0,0,0,,0,,,14,36,0,0,0,0,-7.59434531617444,0,4,4,36,0,0,0,-3,39,3,3.96076575480402,0,-12,0.117647058823529,-0.0127659574468085,0.167534418022528,0,7.2,11.2
00-0033757,R.Tonyan,Robert Tonyan,TE,TE,"https://static.www.nfl.com/image/private/f_auto,q_auto/league/wpczdpw0xasgspqhsup9",GB,2022,1,REG,0,0,0,0,0,0,0,0,0,0,0,0,,0,,,0,0,0,0,0,0,,0,3,5,36,0,0,0,23,26,1,-2.50774515821831,0,1.56521739130435,0.142857142857143,0.10952380952381,0.290952380952381,0,3.6,6.6
00-0033856,L.Fournette,Leonard Fournette,RB,RB,"https://static.www.nfl.com/image/private/f_auto,q_auto/league/jcmgyeiruehjjdpfkyf4",TB,2022,1,REG,0,0,0,0,0,0,0,0,0,0,0,0,,0,,,21,127,0,0,0,6,1.98490905244176,0,2,2,10,0,0,0,-2,12,0,0.591946964268573,0,-5,0.0740740740740741,-0.00655737704918033,0.106520947176685,0,13.7,15.7
00-0033857,J.Smith-Schuster,JuJu Smith-Schuster,WR,WR,"https://static.www.nfl.com/image/private/f_auto,q_auto/league/tmvx3eakcr4uong0gf5h",KC,2022,1,REG,0,0,0,0,0,0,0,0,0,0,0,0,,0,,,0,0,0,0,0,0,,0,6,8,79,0,2,1,82,25,3,1.62432945653563,0,0.963414634146341,0.205128205128205,0.269736842105263,0.496508097165992,0,5.9,11.9
00-0033858,J.Smith,Jonnu Smith,TE,TE,"https://static.www.nfl.com/image/private/f_auto,q_auto/league/dooebcykmkvzi39xo38x",NE,2022,1,REG,0,0,0,0,0,0,0,0,0,0,0,0,,0,,,0,0,0,0,0,0,,0,3,4,33,0,0,0,26,28,2,1.90719488199102,0,1.26923076923077,0.133333333333333,0.0931899641577061,0.265232974910394,0,3.3,6.3
00-0033869,M.Trubisky,Mitchell Trubisky,QB,QB,"https://static.www.nfl.com/image/private/f_auto,q_auto/league/uq45fzmoanzoypqrs5df",PIT,2022,1,REG,21,38,194,1,0,1,2,0,0,301,77,8,-5.62494441924561,0,0.644518272425249,-0.0128915012228895,3,9,0,0,0,1,1.22918966738507,0,0,0,0,0,0,0,0,0,0,,0,,,,,0,12.66,12.66
00-0033871,C.Davis,Corey Davis,WR,WR,"https://static.www.nfl.com/image/private/f_auto,q_auto/league/e96ltr3bnrq6bs4o0gvx",NYJ,2022,1,REG,0,0,0,0,0,0,0,0,0,0,0,0,,0,,,0,0,0,0,0,0,,0,6,9,77,0,0,0,112,4,5,2.8763712932705,0,0.6875,0.157894736842105,0.4,0.516842105263158,0,7.7,13.7
00-0033873,P.Mahomes,Patrick Mahomes,QB,QB,"https://static.www.nfl.com/image/private/f_auto,q_auto/league/vs40h82nvqaqvyephwwu",KC,2022,1,REG,30,39,360,5,0,0,0,0,0,304,192,22,33.1885251447301,0,1.18421052631579,0.357646945691232,3,5,0,1,0,1,-0.849839891772717,0,0,0,0,0,0,0,0,0,0,,0,,,,,0,34.9,34.9
00-0033879,O.Howard,O.J. Howard,TE,TE,"https://static.www.nfl.com/image/private/f_auto,q_auto/league/wlvviyfhdn5fz5p04r95",HOU,2022,1,REG,0,0,0,0,0,0,0,0,0,0,0,0,,0,,,0,0,0,0,0,0,,0,2,2,38,2,0,0,33,5,2,4.71538022905588,0,1.15151515151515,0.0555555555555556,0.125475285171103,0.171166032953105,0,15.8,17.8
00-0033881,E.Engram,Evan Engram,TE,TE,"https://static.www.nfl.com/image/private/f_auto,q_auto/league/adr65rbw956sxntlph8a",JAX,2022,1,REG,0,0,0,0,0,0,0,0,0,0,0,0,,0,,,0,0,0,0,0,0,,0,4,4,28,0,0,0,24,4,1,2.09292932430981,0,1.16666666666667,0.105263157894737,0.0653950953678474,0.203671303599598,0,2.8,6.8
00-0033885,D.Njoku,David Njoku,TE,TE,"https://static.www.nfl.com/image/private/f_auto,q_auto/league/bcecxpc9nciff80xhipd",CLE,2022,1,REG,0,0,0,0,0,0,0,0,0,0,0,0,,0,,,0,0,0,0,0,0,,0,1,1,7,0,0,0,2,5,0,-0.635899044573307,0,3.5,0.0333333333333333,0.00881057268722467,0.0561674008810573,0,0.7,1.7
00-0033891,Z.Jones,Zay Jones,WR,WR,"https://static.www.nfl.com/image/private/f_auto,q_auto/league/ayvki2sfnzxn2yqssrws",JAX,2022,1,REG,0,0,0,0,0,0,0,0,0,0,0,0,,0,,,0,0,0,0,0,0,,0,6,9,65,0,0,0,81,21,4,2.59296886948373,0,0.802469135802469,0.236842105263158,0.220708446866485,0.509759070701276,0,6.5,12.5
00-0033893,D.Cook,Dalvin Cook,RB,RB,"https://static.www.nfl.com/image/private/f_auto,q_auto/league/gfwvqolvz9vegp1amhf3",MIN,2022,1,REG,0,0,0,0,0,0,0,0,0,0,0,0,,0,,,20,90,0,0,0,5,-1.66877216828289,0,3,5,18,0,0,0,-8,32,1,-0.112180941039696,0,-2.25,0.161290322580645,-0.0493827160493827,0.2073675826364,0,10.8,13.8
00-0033895,G.Everett,Gerald Everett,TE,TE,"https://static.www.nfl.com/image/private/f_auto,q_auto/league/ovlnn7uuj2335ublzb6o",LAC,2022,1,REG,0,0,0,0,0,0,0,0,0,0,0,0,,0,,,0,0,0,0,0,0,,0,3,4,54,1,0,0,30,24,2,5.88982414326165,0,1.8,0.117647058823529,0.127659574468085,0.265832290362954,0,11.4,14.4
00-0033897,J.Mixon,Joe Mixon,RB,RB,"https://static.www.nfl.com/image/private/f_auto,q_auto/league/rd210pq6ch22vpoygtfn",CIN,2022,1,REG,0,0,0,0,0,0,0,0,0,0,0,0,,0,,,27,82,0,0,0,2,-6.06144493300235,0,7,9,63,0,0,0,4,62,3,1.34711234938004,0,15.75,0.169811320754717,0.0112044817927171,0.262560118386977,0,14.5,21.5
00-0033906,A.Kamara,Alvin Kamara,RB,RB,"https://static.www.nfl.com/image/private/f_auto,q_auto/league/uulstglrpmhqsvqyr5v3",NO,2022,1,REG,0,0,0,0,0,0,0,0,0,0,0,0,,0,,,9,39,0,0,0,1,-1.48391094373073,0,3,4,7,0,0,0,1,14,1,-2.25040381355211,0,7,0.125,0.00335570469798658,0.189848993288591,0,4.6,7.6
00-0033908,C.Kupp,Cooper Kupp,WR,WR,"https://static.www.nfl.com/image/private/f_auto,q_auto/league/tojsgl1ttwjkvo6x7wgy",LA,2022,1,REG,0,0,0,0,0,0,0,0,0,0,0,0,,0,,,0,0,0,0,0,0,,0,13,15,128,1,0,0,116,57,6,7.19672144948183,0,1.10344827586207,0.365853658536585,0.485355648535565,0.888529441779773,0,18.8,31.8
00-0033921,C.Godwin,Chris Godwin,WR,WR,"https://static.www.nfl.com/image/private/f_auto,q_auto/league/ckwncz8djwnlo1miq1vq",TB,2022,1,REG,0,0,0,0,0,0,0,0,0,0,0,0,,0,,,0,0,0,0,0,0,,0,3,3,35,0,0,0,0,35,1,2.2062776972889,0,0,0.111111111111111,0,0.166666666666667,0,3.5,6.5
00-0033923,K.Hunt,Kareem Hunt,RB,RB,"https://static.www.nfl.com/image/private/f_auto,q_auto/league/fmy9cgin9nv7ewyhsipr",CLE,2022,1,REG,0,0,0,0,0,0,0,0,0,0,0,0,,0,,,11,46,1,0,0,3,0.836340361796594,0,4,4,24,1,0,0,-4,28,2,1.75783154956298,0,-6,0.133333333333333,-0.0176211453744493,0.187665198237885,0,19,23
00-0033925,D.Foreman,D'Onta Foreman,RB,RB,"https://static.www.nfl.com/image/private/f_auto,q_auto/league/kvowcl8ebdanhiuiwcrp",CAR,2022,1,REG,0,0,0,0,0,0,0,0,0,0,0,0,,0,,,2,5,0,0,0,0,-0.559299235697836,0,0,0,0,0,0,0,0,0,0,,0,,,,,0,0.5,0.5
00-0033932,K.Golladay,Kenny Golladay,WR,WR,"https://static.www.nfl.com/image/private/f_auto,q_auto/league/vck7awhkwwhui3ndgts3",NYG,2022,1,REG,0,0,0,0,0,0,0,0,0,0,0,0,,0,,,0,0,0,0,0,0,,0,2,2,22,0,0,0,13,9,1,0.754841224406846,0,1.69230769230769,0.0952380952380952,0.108333333333333,0.218690476190476,0,2.2,4.2
00-0033943,J.Reynolds,Josh Reynolds,WR,WR,"https://static.www.nfl.com/image/private/f_auto,q_auto/league/khqejrdwhxxjzvbco3nv",DET,2022,1,REG,0,0,0,0,0,0,0,0,0,0,0,0,,0,,,0,0,0,0,0,0,,0,1,3,28,0,0,0,41,8,1,0.853379881184083,0,0.682926829268293,0.0810810810810811,0.133986928104575,0.215412471294824,0,2.8,3.8
00-0033948,J.Williams,Jamaal Williams,RB,RB,"https://static.www.nfl.com/image/private/f_auto,q_auto/league/hl8dsrs7awapodhiwvgn",DET,2022,1,REG,0,0,0,0,0,0,0,0,0,0,0,0,,0,,,11,28,2,0,0,3,-1.35190993672586,0,1,2,2,0,0,0,5,0,0,-1.36801630654372,0,0.4,0.0540540540540541,0.0163398692810458,0.0925189895778131,0,15,16
00-0034073,R.Dwelley,Ross Dwelley,TE,TE,"https://static.www.nfl.com/image/private/f_auto,q_auto/league/wcgbhqb85axu1vmnt4xc",SF,2022,1,REG,0,0,0,0,0,0,0,0,0,0,0,0,,0,,,0,0,0,0,0,0,,0,1,2,11,0,0,0,15,0,1,1.40091642853804,0,0.733333333333333,0.0769230769230769,0.0721153846153846,0.165865384615385,0,1.1,2.1
00-0034104,C.Sims,Cam Sims,WR,WR,"https://static.www.nfl.com/image/private/f_auto,q_auto/league/tbldho8jbkode1uqoj6n",WAS,2022,1,REG,0,0,0,0,0,0,0,0,0,0,0,0,,0,,,0,0,0,0,0,0,,0,0,1,0,0,0,0,29,0,0,-0.475606612861157,0,0,0.024390243902439,0.1,0.106585365853659,0,0,0
00-0034115,J.Wilson,Jeffery Wilson,RB,RB,"https://static.www.nfl.com/image/private/f_auto,q_auto/league/fff1gvfq1glc3quftab4",SF,2022,1,REG,0,0,0,0,0,0,0,0,0,0,0,0,,0,,,9,22,0,0,0,0,-3.22897419112269,0,2,2,8,0,0,0,2,6,0,-1.24042204779107,0,4,0.0769230769230769,0.00961538461538462,0.122115384615385,0,3,5
00-0034159,W.Dissly,Will Dissly,TE,TE,"https://static.www.nfl.com/image/private/f_auto,q_auto/league/blm28jqxpj6krza0gejv",SEA,2022,1,REG,0,0,0,0,0,0,0,0,0,0,0,0,,0,,,0,0,0,0,0,0,,0,3,3,43,1,0,0,12,31,1,3.0921132795047,0,3.58333333333333,0.111111111111111,0.0888888888888889,0.228888888888889,0,10.3,13.3
00-0034208,M.Boone,Mike Boone,RB,RB,"https://static.www.nfl.com/image/private/f_auto,q_auto/league/rcrpzluchltmk9stwtfc",DEN,2022,1,REG,0,0,0,0,0,0,0,0,0,0,0,0,,0,,,0,0,0,0,0,0,,0,1,1,2,0,0,0,2,0,0,-0.430172017193399,0,1,0.024390243902439,0.00719424460431655,0.0416213370766801,0,0.2,1.2
00-0034253,D.Hilliard,Dontrell Hilliard,RB,RB,"https://static.www.nfl.com/image/private/f_auto,q_auto/league/ukhyslngeuojxkjqfq9f",TEN,2022,1,REG,0,0,0,0,0,0,0,0,0,0,0,0,,0,,,2,8,0,0,0,0,-0.230745982611552,0,3,4,61,2,0,0,21,41,3,5.21181454218458,0,2.9047619047619,0.129032258064516,0.0724137931034483,0.244238042269188,0,18.9,21.9
00-0034270,T.Conklin,Tyler Conklin,TE,TE,"https://static.www.nfl.com/image/private/f_auto,q_auto/league/t5dcv5rlo0vuzptw6qmy",NYJ,2022,1,REG,0,0,0,0,0,0,0,0,0,0,0,0,,0,,,0,0,0,0,0,0,,0,4,7,14,1,1,0,11,-2,1,1.16066533715633,0,1.27272727272727,0.12280701754386,0.0392857142857143,0.211710526315789,0,7.4,11.4
00-0034272,M.Valdes-Scantling,Marquez Valdes-Scantling,WR,WR,"https://static.www.nfl.com/image/private/f_auto,q_auto/league/dvzluuxi81gwt3e8eixo",KC,2022,1,REG,0,0,0,0,0,0,0,0,0,0,0,0,,0,,,1,-3,0,0,0,0,-1.00383371347561,0,4,4,44,0,0,0,22,22,3,3.53592065843986,0,2,0.102564102564103,0.0723684210526316,0.204504048582996,0,4.1,8.1
00-0034279,E.St. Brown,Equanimeous St. Brown,WR,WR,"https://static.www.nfl.com/image/private/f_auto,q_auto/league/utyhdvj2rjwpnr4ppjly",CHI,2022,1,REG,0,0,0,0,0,0,0,0,0,0,0,0,,0,,,0,0,0,0,0,0,,0,1,3,18,1,0,0,34,0,1,1.37765616207616,0,0.529411764705882,0.176470588235294,0.209876543209877,0.411619462599855,0,7.8,8.8
00-0034286,R.James,Richie James,WR,WR,"https://static.www.nfl.com/image/private/f_auto,q_auto/league/iuxz1y4skvu6cqcqjhag",NYG,2022,1,REG,0,0,0,0,0,0,0,0,0,0,0,0,,0,,,1,2,0,0,0,0,-0.505291200708598,0,5,6,59,0,0,0,63,13,3,0.689392734901048,0,0.936507936507937,0.285714285714286,0.525,0.796071428571429,0,6.1,11.1
00-0034297,B.Pringle,Byron Pringle,WR,WR,"https://static.www.nfl.com/image/private/f_auto,q_auto/league/qgwipkdsunodvqlumsmp",CHI,2022,1,REG,0,0,0,0,0,0,0,0,0,0,0,0,,0,,,0,0,0,0,0,0,,0,1,2,22,0,0,0,51,0,1,0.643615404958837,0,0.431372549019608,0.117647058823529,0.314814814814815,0.396840958605665,0,2.2,3.2
00-0034348,C.Sutton,Courtland Sutton,WR,WR,"https://static.www.nfl.com/image/private/f_auto,q_auto/league/wgjxc2paepihkvl4u9a3",DEN,2022,1,REG,0,0,0,0,0,0,0,0,0,0,0,0,,0,,,0,0,0,0,0,0,,0,4,7,72,0,0,0,121,13,3,5.74105917784971,0,0.59504132231405,0.170731707317073,0.435251798561151,0.560773819968416,0,7.2,11.2
00-0034351,D.Goedert,Dallas Goedert,TE,TE,"https://static.www.nfl.com/image/private/f_auto,q_auto/league/toiqpnmbuxgfwr8wkw4r",PHI,2022,1,REG,0,0,0,0,0,0,0,0,0,0,0,0,,0,,,0,0,0,0,0,0,,0,3,4,60,0,0,0,9,52,3,4.33716747432482,0,6.66666666666667,0.137931034482759,0.0697674418604651,0.255733761026464,0,6,9
00-0034365,I.Thomas,Ian Thomas,TE,TE,"https://static.www.nfl.com/image/private/f_auto,q_auto/league/cvlsjahsqootxcs6qytq",CAR,2022,1,REG,0,0,0,0,0,0,0,0,0,0,0,0,,0,,,0,0,0,0,0,0,,0,2,3,53,0,0,0,33,31,2,3.98758497266681,0,1.60606060606061,0.12,0.197604790419162,0.318323353293413,0,5.3,7.3
00-0034367,N.Hines,Nyheim Hines,RB,RB,"https://static.www.nfl.com/image/private/f_auto,q_auto/league/lpyshlxwaum0ezoshadf",IND,2022,1,REG,0,0,0,0,0,0,0,0,0,0,0,0,,0,,,3,4,0,0,0,0,-4.27519929653499,0,6,6,50,0,0,0,11,39,3,3.47010742791463,0,4.54545454545455,0.122448979591837,0.0344827586206897,0.207811400422238,0,5.4,11.4
00-0034383,D.Schultz,Dalton Schultz,TE,TE,"https://static.www.nfl.com/image/private/f_auto,q_auto/league/mbqinxum5qovm6p8xgkc",DAL,2022,1,REG,0,0,0,0,0,0,0,0,0,0,0,0,,0,,,0,0,0,0,0,0,,0,7,9,62,0,0,0,60,10,2,2.97641849427503,0,1.03333333333333,0.219512195121951,0.165289256198347,0.44497077202177,0,6.2,13.2
00-0034386,J.Watson,Justin Watson,WR,WR,"https://static.www.nfl.com/image/private/f_auto,q_auto/league/h54qh7pjxrhokvmbnyzt",KC,2022,1,REG,0,0,0,0,0,0,0,0,0,0,0,0,,0,,,0,0,0,0,0,0,,0,0,1,0,0,0,0,2,0,0,-0.468405289575458,0,0,0.0256410256410256,0.00657894736842105,0.0430668016194332,0,0,0
00-0034407,R.McCloud,Ray-Ray McCloud,WR,WR,"https://static.www.nfl.com/image/private/f_auto,q_auto/league/q25yzjly8zz4elodqdhr",SF,2022,1,REG,0,0,0,0,0,0,0,0,0,0,0,0,,0,,,0,0,0,0,0,0,,0,1,2,20,0,0,0,32,0,1,0.261477887746878,0,0.625,0.0769230769230769,0.153846153846154,0.223076923076923,0,2,3
00-0034411,R.Gage,Russell Gage,WR,WR,"https://static.www.nfl.com/image/private/f_auto,q_auto/league/yvgvukodrs3aabp4qty7",TB,2022,1,REG,0,0,0,0,0,0,0,0,0,0,0,0,,0,,,0,0,0,0,0,0,,0,2,2,13,0,0,0,6,7,0,0.345072990050539,0,2.16666666666667,0.0740740740740741,0.019672131147541,0.12488160291439,0,1.3,3.3
00-0034414,B.Scott,Boston Scott,RB,RB,"https://static.www.nfl.com/image/private/f_auto,q_auto/league/azkmwe4bavbca3tmx9em",PHI,2022,1,REG,0,0,0,0,0,0,0,0,0,0,0,0,,0,,,4,10,1,0,0,1,-1.83871349005494,0,0,0,0,0,0,0,0,0,0,,0,,,,,0,7,7
00-0034418,C.Wilson,Cedrick Wilson,WR,WR,"https://static.www.nfl.com/image/private/f_auto,q_auto/league/zvirmx1m9vycmfpfbf1w",MIA,2022,1,REG,0,0,0,0,0,0,0,0,0,0,0,0,,0,,,1,8,0,0,0,0,0.546419185353443,0,2,2,20,0,0,0,17,3,0,-0.0913877004059032,0,1.17647058823529,0.0645161290322581,0.0653846153846154,0.142543424317618,0,2.8,4.8
00-0034419,B.Berrios,Braxton Berrios,WR,WR,"https://static.www.nfl.com/image/private/f_auto,q_auto/league/vlx5vkd8ghcq1snnhdij",NYJ,2022,1,REG,0,0,0,0,0,0,0,0,0,0,0,0,,0,,,0,0,0,0,0,0,,0,5,6,37,0,0,0,12,25,2,0.363741808512714,0,3.08333333333333,0.105263157894737,0.0428571428571429,0.187894736842105,0,3.7,8.7
00-0034487,T.Sherfield,Trent Sherfield,WR,WR,"https://static.www.nfl.com/image/private/f_auto,q_auto/league/je4nd6eqpqrzytepcuvc",MIA,2022,1,REG,0,0,0,0,0,0,0,0,0,0,0,0,,0,,,0,0,0,0,0,0,,0,1,2,8,0,0,0,23,0,0,0.0973028944572434,0,0.347826086956522,0.0645161290322581,0.0884615384615385,0.158697270471464,0,0.8,1.8
00-0034646,B.Powell,Brandon Powell,WR,WR,"https://static.www.nfl.com/image/private/f_auto,q_auto/league/fkckjg4yqybqndyub6lu",LA,2022,1,REG,0,0,0,0,0,0,0,0,0,0,0,0,,0,,,1,3,0,0,0,0,0.527520344243385,0,1,1,10,0,0,0,3,7,1,0.818054475355893,0,3.33333333333333,0.024390243902439,0.0125523012552301,0.0453719767323196,0,1.3,2.3
00-0034681,C.Edmonds,Chase Edmonds,RB,RB,"https://static.www.nfl.com/image/private/f_auto,q_auto/league/ya7hnoqk5r2zemgknwpm",MIA,2022,1,REG,0,0,0,0,0,0,0,0,0,0,0,0,,0,,,12,25,0,0,0,0,-4.8806128280703,0,4,4,40,0,0,0,17,23,3,4.36351558868773,0,2.35294117647059,0.129032258064516,0.0653846153846154,0.239317617866005,0,6.5,10.5
00-0034750,R.Penny,Rashaad Penny,RB,RB,"https://static.www.nfl.com/image/private/f_auto,q_auto/league/x9l00iypnysiuhxoqy61",SEA,2022,1,REG,0,0,0,0,0,0,0,0,0,0,0,0,,0,,,12,60,0,1,0,2,0.818155646382365,0,2,3,7,0,0,0,-8,15,1,0.0128249349654652,0,-0.875,0.111111111111111,-0.0592592592592593,0.125185185185185,0,6.7,8.7
00-0034753,M.Andrews,Mark Andrews,TE,TE,"https://static.www.nfl.com/image/private/f_auto,q_auto/league/m1fmyihulvtdiav4bwxm",BAL,2022,1,REG,0,0,0,0,0,0,0,0,0,0,0,0,,0,,,0,0,0,0,0,0,,0,5,7,52,0,0,0,99,11,3,3.77853282180149,0,0.525252525252525,0.241379310344828,0.28125,0.558943965517241,0,5.2,10.2
00-0034775,C.Kirk,Christian Kirk,WR,WR,"https://static.www.nfl.com/image/private/f_auto,q_auto/league/illjppjxpfa4joefmpd0",JAX,2022,1,REG,0,0,0,0,0,0,0,0,0,0,0,0,,0,,,0,0,0,0,0,0,,0,6,12,117,0,0,0,128,50,3,3.28253659047479,0,0.9140625,0.315789473684211,0.348773841961853,0.717825899899613,0,11.7,17.7
00-0034777,D.Chark,D.J. Chark,WR,WR,"https://static.www.nfl.com/image/private/f_auto,q_auto/league/hbngdzf66ssvjgbjd9oz",DET,2022,1,REG,0,0,0,0,0,0,0,0,0,0,0,0,,0,,,0,0,0,0,0,0,,0,4,8,52,1,0,0,124,16,3,3.85406317765592,0,0.419354838709677,0.216216216216216,0.405228758169935,0.607984455043279,0,11.2,15.2
00-0034791,N.Chubb,Nick Chubb,RB,RB,"https://static.www.nfl.com/image/private/f_auto,q_auto/league/a8ib0haur75wrhqrbtyo",CLE,2022,1,REG,0,0,0,0,0,0,0,0,0,0,0,0,,0,,,22,141,0,0,0,6,4.89997208764544,0,1,1,2,0,0,0,-7,9,0,-0.710848427494057,0,-0.285714285714286,0.0333333333333333,-0.0308370044052863,0.0284140969162996,0,14.3,15.3
00-0034796,L.Jackson,Lamar Jackson,QB,QB,"https://static.www.nfl.com/image/private/f_auto,q_auto/league/gylnuxkxgm3zd4j0d0ku",BAL,2022,1,REG,17,30,213,3,1,2,2,0,0,360,66,8,4.23776935226747,0,0.591666666666667,0.0974777483199205,6,17,0,0,0,2,0.259624411643017,0,0,0,0,0,0,0,0,0,0,,0,,,,,0,20.22,20.22
00-0034798,D.Smythe,Durham Smythe,TE,TE,"https://static.www.nfl.com/image/private/f_auto,q_auto/league/i4k79s8x5queah3t87na",MIA,2022,1,REG,0,0,0,0,0,0,0,0,0,0,0,0,,0,,,0,0,0,0,0,0,,0,1,2,14,0,0,0,12,2,1,0.356300640502013,0,1.16666666666667,0.0645161290322581,0.0461538461538462,0.129081885856079,0,1.4,2.4
00-0034827,D.Moore,D.J. Moore,WR,WR,"https://static.www.nfl.com/image/private/f_auto,q_auto/league/yy6o0pkengsmm6dox1wy",CAR,2022,1,REG,0,0,0,0,0,0,0,0,0,0,0,0,,0,,,1,7,0,0,0,0,0.378508499125019,0,3,6,43,0,0,0,53,17,2,0.759773652534932,0,0.811320754716981,0.24,0.317365269461078,0.582155688622755,0,5,8
00-0034829,M.Gesicki,Mike Gesicki,TE,TE,"https://static.www.nfl.com/image/private/f_auto,q_auto/league/utqutyyzxbabvmyt1r3n",MIA,2022,1,REG,0,0,0,0,0,0,0,0,0,0,0,0,,0,,,0,0,0,0,0,0,,0,1,1,1,0,0,0,0,1,0,-0.54931735212449,0,0,0.032258064516129,0,0.0483870967741936,0,0.1,1.1
00-0034830,H.Hurst,Hayden Hurst,TE,TE,"https://static.www.nfl.com/image/private/f_auto,q_auto/league/dgplukocyi73df1g1602",CIN,2022,1,REG,0,0,0,0,0,0,0,0,0,0,0,0,,0,,,0,0,0,0,0,0,,0,5,8,46,0,0,0,26,22,3,-3.28781293268548,0,1.76923076923077,0.150943396226415,0.0728291316526611,0.277395486496485,0,4.6,9.6
00-0034844,S.Barkley,Saquon Barkley,RB,RB,"https://static.www.nfl.com/image/private/f_auto,q_auto/league/o8tlhps5u1tvnaaxlpjk",NYG,2022,1,REG,0,0,0,0,0,0,0,0,0,0,0,0,,0,,,18,164,1,1,0,7,7.37394650600618,0,6,7,30,0,0,0,-4,42,0,-5.1863248173031,1,-7.5,0.333333333333333,-0.0333333333333333,0.476666666666667,0,27.4,33.4
00-0034845,S.Michel,Sony Michel,RB,RB,"https://static.www.nfl.com/image/private/f_auto,q_auto/league/eydtwcqcaegkuwivq0ln",LAC,2022,1,REG,0,0,0,0,0,0,0,0,0,0,0,0,,0,,,7,12,0,0,0,1,-1.86363503639586,0,0,0,0,0,0,0,0,0,0,,0,,,,,0,1.2,1.2
00-0034854,K.Hodge,KhaDarel Hodge,WR,WR,"https://static.www.nfl.com/image/private/f_auto,q_auto/league/vt6baiegoruodscbykzt",ATL,2022,1,REG,0,0,0,0,0,0,0,0,0,0,0,0,,0,,,0,0,0,0,0,0,,0,3,3,38,0,0,0,25,13,1,1.72168434062041,0,1.52,0.09375,0.0886524822695036,0.202681737588653,0,3.8,6.8
00-0034855,B.Mayfield,Baker Mayfield,QB,QB,"https://static.www.nfl.com/image/private/f_auto,q_auto/league/zgqgouo8be09qvnrqdnr",CAR,2022,1,REG,16,27,235,1,1,4,28,2,0,167,149,7,-1.61854985906393,0,1.40718562874252,0.0160279624595766,5,6,1,2,0,2,2.30085762520321,0,0,0,0,0,0,0,0,0,0,,0,,,,,0,18,18
00-0034857,J.Allen,Josh Allen,QB,QB,"https://static.www.nfl.com/image/private/f_auto,q_auto/league/btfnqtymqsqgybnv4u6n",BUF,2022,1,REG,26,31,297,3,2,2,5,0,0,227,114,15,13.6464576065825,0,1.30837004405286,0.271858016466962,10,56,1,0,0,4,5.8675307907979,0,0,0,0,0,0,0,0,0,0,,0,,,,,0,31.48,31.48
00-0034860,D.Pettis,Dante Pettis,WR,WR,"https://static.www.nfl.com/image/private/f_auto,q_auto/league/j35nhxhisutf6pz38fzs",CHI,2022,1,REG,0,0,0,0,0,0,0,0,0,0,0,0,,0,,,0,0,0,0,0,0,,0,1,1,51,1,0,0,21,30,1,5.44216328114271,0,2.42857142857143,0.0588235294117647,0.12962962962963,0.178976034858388,0,11.1,12.1
00-0034959,A.Beck,Andrew Beck,TE,TE,"https://static.www.nfl.com/image/private/f_auto,q_auto/league/abjcfi8hqapvflzbtupy",DEN,2022,1,REG,0,0,0,0,0,0,0,0,0,0,0,0,,0,,,0,0,0,0,0,0,,0,2,3,52,0,0,0,23,32,2,3.41527287522331,0,2.26086956521739,0.0731707317073171,0.0827338129496403,0.167669766625724,0,5.2,7.2
00-0034960,J.Meyers,Jakobi Meyers,WR,WR,"https://static.www.nfl.com/image/private/f_auto,q_auto/league/nmd0n2w602mqecv0vwei",NE,2022,1,REG,0,0,0,0,0,0,0,0,0,0,0,0,,0,,,1,7,0,0,0,1,0.548386981710792,0,4,6,55,0,0,0,90,1,2,4.04717121715657,0,0.611111111111111,0.2,0.32258064516129,0.525806451612903,0,6.2,10.2
00-0034970,I.Smith,Irv Smith,TE,TE,"https://static.www.nfl.com/image/private/f_auto,q_auto/league/v3kmmpxj0x4jofgovvfx",MIN,2022,1,REG,0,0,0,0,0,0,0,0,0,0,0,0,,0,,,0,0,0,0,0,0,,0,0,2,0,0,0,0,3,0,0,-0.648077606398147,0,0,0.0645161290322581,0.0185185185185185,0.10973715651135,0,0,0
00-0034972,A.Mattison,Alexander Mattison,RB,RB,"https://static.www.nfl.com/image/private/f_auto,q_auto/league/l0lcxroven1nim6cc2al",MIN,2022,1,REG,0,0,0,0,0,0,0,0,0,0,0,0,,0,,,8,36,0,0,0,2,0.239472795045003,0,0,0,0,0,0,0,0,0,0,,0,,,,,0,3.6,3.6
00-0034975,J.Hill,Justice Hill,RB,RB,"https://static.www.nfl.com/image/private/f_auto,q_auto/league/o8uc18a8djof2vky8z52",BAL,2022,1,REG,0,0,0,0,0,0,0,0,0,0,0,0,,0,,,2,4,0,0,0,0,-0.448364890122321,0,2,2,7,0,0,0,3,4,0,-0.382207377464511,0,2.33333333333333,0.0689655172413793,0.00852272727272727,0.109414184952978,0,1.1,3.1
00-0034983,H.Renfrow,Hunter Renfrow,WR,WR,"https://static.www.nfl.com/image/private/f_auto,q_auto/league/fsvnsizj4t0qv9ptrzpf",LV,2022,1,REG,0,0,0,0,0,0,0,0,0,0,0,0,,0,,,0,0,0,0,0,0,,0,3,6,21,0,1,0,31,7,2,-3.65736195689533,0,0.67741935483871,0.171428571428571,0.0933734939759036,0.32250430292599,0,2.1,5.1
00-0035021,A.Dulin,Ashton Dulin,WR,WR,"https://static.www.nfl.com/image/private/f_auto,q_auto/league/jnaoemdbciiow7rcfzbu",IND,2022,1,REG,0,0,0,0,0,0,0,0,0,0,0,0,,0,,,0,0,0,0,0,0,,0,3,6,46,0,0,0,95,10,2,1.07440528232837,0,0.48421052631579,0.122448979591837,0.297805642633229,0.392137419231015,0,4.6,7.6
00-0035125,A.Ingold,Alec Ingold,FB,RB,"https://static.www.nfl.com/image/private/f_auto,q_auto/league/hurse5jxssfxbsbeh0qt",MIA,2022,1,REG,0,0,0,0,0,0,0,0,0,0,0,0,,0,,,1,2,0,0,0,1,0.531584968790412,0,1,2,8,0,0,0,28,5,0,-0.90252647199668,0,0.285714285714286,0.0645161290322581,0.107692307692308,0.172158808933002,0,1,2
00-0035140,M.Hardman,Mecole Hardman,WR,WR,"https://static.www.nfl.com/image/private/f_auto,q_auto/league/s1lhxffk9f4e4lo201is",KC,2022,1,REG,0,0,0,0,0,0,0,0,0,0,0,0,,0,,,0,0,0,0,0,0,,0,3,6,16,1,0,0,86,11,2,1.33206112199696,0,0.186046511627907,0.153846153846154,0.282894736842105,0.428795546558704,0,7.6,10.6
00-0035146,T.McSorley,Trace McSorley,QB,QB,"https://static.www.nfl.com/image/private/f_auto,q_auto/league/h18erwnwrqhpt7znvd3d",ARI,2022,1,REG,2,4,12,0,0,1,8,0,0,17,4,1,-1.50987532211002,0,0.705882352941177,,3,20,0,0,0,1,0.745036166044883,0,0,0,0,0,0,0,0,0,0,,0,,,,,0,2.48,2.48
00-0035208,O.Zaccheaus,Olamide Zaccheaus,WR,WR,"https://static.www.nfl.com/image/private/f_auto,q_auto/league/bzetcp5jlpis9ueb1kfk",ATL,2022,1,REG,0,0,0,0,0,0,0,0,0,0,0,0,,0,,,0,0,0,0,0,0,,0,4,4,49,0,1,1,39,10,1,-3.29627906298265,0,1.25641025641026,0.125,0.138297872340426,0.284308510638298,0,2.9,6.9
00-0035215,D.Harty,Deonte Harty,WR,WR,"https://static.www.nfl.com/image/private/f_auto,q_auto/league/ouuf2vot58iosguctjiy",NO,2022,1,REG,0,0,0,0,0,0,0,0,0,0,0,0,,0,,,0,0,0,0,0,0,,0,1,1,4,0,0,0,-4,8,0,0.394207971403375,0,0,0.03125,-0.0134228187919463,0.0374790268456376,0,0.4,1.4
00-0035216,D.Johnson,Diontae Johnson,WR,WR,"https://static.www.nfl.com/image/private/f_auto,q_auto/league/kpxblj81lquuhjasvhe8",PIT,2022,1,REG,0,0,0,0,0,0,0,0,0,0,0,0,,0,,,0,0,0,0,0,0,,0,7,12,55,0,1,0,115,-2,2,-1.51400226026257,0,0.478260869565217,0.324324324324324,0.382059800664452,0.753928346951603,0,5.5,12.5
00-0035222,Z.Gentry,Zach Gentry,TE,TE,"https://static.www.nfl.com/image/private/f_auto,q_auto/league/cxzwzntife33bkwsmqb3",PIT,2022,1,REG,0,0,0,0,0,0,0,0,0,0,0,0,,0,,,0,0,0,0,0,0,,0,2,2,40,0,0,0,0,40,1,1.60970677697333,0,0,0.0540540540540541,0,0.0810810810810811,0,4,6
00-0035228,K.Murray,Kyler Murray,QB,QB,"https://static.www.nfl.com/image/private/f_auto,q_auto/league/nkb9x92lbea6ayknzoba",ARI,2022,1,REG,22,34,193,2,0,2,18,0,0,250,111,11,0.245660818647593,1,0.772,0.0577743177145108,5,29,0,1,0,1,0.523658372432692,0,0,0,0,0,0,0,0,0,0,,0,,,,,0,20.62,20.62
00-0035229,T.Hockenson,T.J. Hockenson,TE,TE,"https://static.www.nfl.com/image/private/f_auto,q_auto/league/ad89lw2t6v9bywmbh2uu",DET,2022,1,REG,0,0,0,0,0,0,0,0,0,0,0,0,,0,,,0,0,0,0,0,0,,0,4,7,38,0,0,0,42,23,3,-3.95843914384022,0,0.904761904761905,0.189189189189189,0.137254901960784,0.379862215156333,0,3.8,7.8
00-0035243,M.Sanders,Miles Sanders,RB,RB,"https://static.www.nfl.com/image/private/f_auto,q_auto/league/vjypf6fscqpp1ecslzkh",PHI,2022,1,REG,0,0,0,0,0,0,0,0,0,0,0,0,,0,,,13,96,1,0,0,4,5.30688267637743,0,2,2,9,0,0,0,-3,12,0,-0.922020712634549,0,-3,0.0689655172413793,-0.0232558139534884,0.0871692060946271,0,16.5,18.5
00-0035250,D.Singletary,Devin Singletary,RB,RB,"https://static.www.nfl.com/image/private/f_auto,q_auto/league/d9ifpvw57zivczxlpxdh",BUF,2022,1,REG,0,0,0,0,0,0,0,0,0,0,0,0,,0,,,8,48,0,0,0,2,1.03444418229628,0,2,2,14,0,0,0,-8,22,2,1.0501258833101,0,-1.75,0.0645161290322581,-0.0352422907488987,0.072104590024158,0,6.2,8.2
00-0035261,T.Pollard,Tony Pollard,RB,RB,"https://static.www.nfl.com/image/private/f_auto,q_auto/league/rvesbybzmlucxce3hkwf",DAL,2022,1,REG,0,0,0,0,0,0,0,0,0,0,0,0,,0,,,6,8,0,0,0,0,-4.05567227432039,0,2,2,14,0,0,0,1,13,0,-2.05822650471237,0,14,0.0487804878048781,0.00275482093663912,0.0750991063629645,0,2.2,4.2
00-0035345,C.Myarick,Chris Myarick,TE,TE,"https://static.www.nfl.com/image/private/f_auto,q_auto/league/p4wveksckzn0nuept8zw",NYG,2022,1,REG,0,0,0,0,0,0,0,0,0,0,0,0,,0,,,0,0,0,0,0,0,,0,1,1,1,1,0,0,1,0,1,1.1235902463668,0,1,0.0476190476190476,0.00833333333333333,0.0772619047619048,0,6.1,7.1
00-0035414,J.Guyton,Jalen Guyton,WR,WR,"https://static.www.nfl.com/image/private/f_auto,q_auto/league/pnvdzb1ltbxpcdzmjfe0",LAC,2022,1,REG,0,0,0,0,0,0,0,0,0,0,0,0,,0,,,0,0,0,0,0,0,,0,0,1,0,0,0,0,28,0,0,-1.34667817947621,0,0,0.0294117647058824,0.119148936170213,0.127521902377972,0,0,0
00-0035500,G.Dortch,Greg Dortch,WR,WR,"https://static.www.nfl.com/image/private/f_auto,q_auto/league/j5xmpo01eea118axwwaj",ARI,2022,1,REG,0,0,0,0,0,0,0,0,0,0,0,0,,0,,,0,0,0,0,0,0,,0,7,9,63,0,0,0,62,31,3,3.31763147271704,0,1.01612903225806,0.25,0.233082706766917,0.538157894736842,0,6.3,13.3
00-0035527,A.Isabella,Andy Isabella,WR,WR,"https://static.www.nfl.com/image/private/f_auto,q_auto/league/s3repurenhwlyxci2sqy",ARI,2022,1,REG,0,0,0,0,0,0,0,0,0,0,0,0,,0,,,0,0,0,0,0,0,,0,1,3,10,0,0,0,30,4,1,-0.254880248277914,0,0.333333333333333,0.0833333333333333,0.112781954887218,0.203947368421053,0,1,2
00-0035547,J.Fortson,Joe Fortson,TE,TE,"https://static.www.nfl.com/image/private/f_auto,q_auto/league/q4wdp6zldwvcte3dcbdp",KC,2022,1,REG,0,0,0,0,0,0,0,0,0,0,0,0,,0,,,0,0,0,0,0,0,,0,1,1,1,1,0,0,1,0,1,0.488749421929242,0,1,0.0256410256410256,0.00328947368421053,0.0407641700404858,0,6.1,7.1
00-0035572,P.Hesse,Parker Hesse,TE,TE,"https://static.www.nfl.com/image/private/f_auto,q_auto/league/hg0zmjun7lawoofz7hr5",ATL,2022,1,REG,0,0,0,0,0,0,0,0,0,0,0,0,,0,,,0,0,0,0,0,0,,0,1,2,5,0,0,0,9,4,1,0.678941404214129,0,0.555555555555556,0.0625,0.0319148936170213,0.116090425531915,0,0.5,1.5
00-0035593,J.Winfree,Juwann Winfree,WR,WR,"https://static.www.nfl.com/image/private/f_auto,q_auto/league/fty9irxwcqq7malchotw",GB,2022,1,REG,0,0,0,0,0,0,0,0,0,0,0,0,,0,,,0,0,0,0,0,0,,0,1,1,17,0,0,0,12,5,1,2.00393885775702,0,1.41666666666667,0.0285714285714286,0.0571428571428571,0.0828571428571429,0,1.7,2.7
00-0035594,T.Homer,Travis Homer,RB,RB,"https://static.www.nfl.com/image/private/f_auto,q_auto/league/adeqwfn8m3vljb4lolyu",SEA,2022,1,REG,0,0,0,0,0,0,0,0,0,0,0,0,,0,,,1,2,0,0,0,0,-0.278283093008213,0,0,0,0,0,0,0,0,0,0,,0,,,,,0,0.2,0.2
00-0035631,D.Sample,Drew Sample,TE,TE,"https://static.www.nfl.com/image/private/f_auto,q_auto/league/ntw6twdepdhx64hpkph1",CIN,2022,1,REG,0,0,0,0,0,0,0,0,0,0,0,0,,0,,,0,0,0,0,0,0,,0,1,1,2,0,0,0,2,0,0,-1.53081965090902,0,1,0.0188679245283019,0.00560224089635854,0.0322234554199038,0,0.2,1.2
00-0035639,P.Campbell,Parris Campbell,WR,WR,"https://static.www.nfl.com/image/private/f_auto,q_auto/league/wwe99bwwendcfycnryyn",IND,2022,1,REG,0,0,0,0,0,0,0,0,0,0,0,0,,0,,,0,0,0,0,0,0,,0,3,4,37,0,0,0,20,27,3,2.37606515485095,0,1.85,0.0816326530612245,0.0626959247648903,0.16633612692726,0,3.7,6.7
00-0035640,D.Metcalf,DK Metcalf,WR,WR,"https://static.www.nfl.com/image/private/f_auto,q_auto/league/oa43ir8zoaiofwbupkrt",SEA,2022,1,REG,0,0,0,0,0,0,0,0,0,0,0,0,,0,,,0,0,0,0,0,0,,0,7,7,36,0,1,1,31,5,1,-4.68809771549422,0,1.16129032258065,0.259259259259259,0.22962962962963,0.54962962962963,0,1.6,8.6
00-0035644,N.Fant,Noah Fant,TE,TE,"https://static.www.nfl.com/image/private/f_auto,q_auto/league/mzdt60x8wmllrtjpxfsr",SEA,2022,1,REG,0,0,0,0,0,0,0,0,0,0,0,0,,0,,,0,0,0,0,0,0,,0,3,4,16,0,0,0,15,14,1,-0.750653098628391,0,1.06666666666667,0.148148148148148,0.111111111111111,0.3,0,1.6,4.6
00-0035657,D.Harris,Damien Harris,RB,RB,"https://static.www.nfl.com/image/private/f_auto,q_auto/league/fuu2lrxcgfp1tosecauj",NE,2022,1,REG,0,0,0,0,0,0,0,0,0,0,0,0,,0,,,9,48,0,0,0,2,-0.0895860792370513,0,2,3,10,0,0,0,4,5,1,-0.332213669084013,0,2.5,0.1,0.014336917562724,0.160035842293907,0,5.8,7.8
00-0035659,T.McLaurin,Terry McLaurin,WR,WR,"https://static.www.nfl.com/image/private/f_auto,q_auto/league/bxkrzih9phr5abgabo7v",WAS,2022,1,REG,0,0,0,0,0,0,0,0,0,0,0,0,,0,,,0,0,0,0,0,0,,0,2,4,58,1,0,0,75,20,2,5.06867737881839,0,0.773333333333333,0.0975609756097561,0.258620689655172,0.327375946173255,0,11.8,13.8
00-0035662,M.Brown,Marquise Brown,WR,WR,"https://static.www.nfl.com/image/private/f_auto,q_auto/league/fihs5hshnjghcpimjjtw",ARI,2022,1,REG,0,0,0,0,0,0,0,0,0,0,0,0,,0,,,0,0,0,0,0,0,,0,4,6,43,1,0,0,101,3,2,4.50790185434744,0,0.425742574257426,0.166666666666667,0.379699248120301,0.515789473684211,0,10.3,14.3
00-0035664,D.Henderson,Darrell Henderson,RB,RB,"https://static.www.nfl.com/image/private/f_auto,q_auto/league/trvk8n0wjne7edxbajgw",LA,2022,1,REG,0,0,0,0,0,0,0,0,0,0,0,0,,0,,,13,47,0,0,0,2,-0.369568451365922,0,5,5,26,0,0,0,2,24,1,-1.29788674216252,0,13,0.121951219512195,0.00836820083682008,0.188784569854067,0,7.3,12.3
00-0035676,A.Brown,A.J. Brown,WR,WR,"https://static.www.nfl.com/image/private/f_auto,q_auto/league/oiacjddbxvaeiewm9v62",PHI,2022,1,REG,0,0,0,0,0,0,0,0,0,0,0,0,,0,,,0,0,0,0,0,0,,0,10,13,155,0,0,0,94,63,7,8.58691724166125,0,1.64893617021277,0.448275862068966,0.728682170542636,1.18249131248329,0,15.5,25.5
00-0035685,D.Montgomery,David Montgomery,RB,RB,"https://static.www.nfl.com/image/private/f_auto,q_auto/league/sqahircgbz406rjbglpe",CHI,2022,1,REG,0,0,0,0,0,0,0,0,0,0,0,0,,0,,,17,26,0,0,0,0,-10.6772342960467,0,3,4,24,0,0,0,-6,30,1,1.17069459240884,0,-4,0.235294117647059,-0.037037037037037,0.327015250544662,0,5,8
00-0035689,D.Knox,Dawson Knox,TE,TE,"https://static.www.nfl.com/image/private/f_auto,q_auto/league/ip13rlibbh1y7lejzj6t",BUF,2022,1,REG,0,0,0,0,0,0,0,0,0,0,0,0,,0,,,0,0,0,0,0,0,,0,1,2,5,0,0,0,3,8,0,0.802857056958601,0,1.66666666666667,0.0645161290322581,0.013215859030837,0.106025294869973,0,0.5,1.5
00-0035700,J.Jacobs,Josh Jacobs,RB,RB,"https://static.www.nfl.com/image/private/f_auto,q_auto/league/sagoqkubeaz5yht01ow7",LV,2022,1,REG,0,0,0,0,0,0,0,0,0,0,0,0,,0,,,10,57,0,0,0,1,1.41414145514136,0,1,1,16,0,0,0,-4,20,1,0.884534890414216,0,-4,0.0285714285714286,-0.0120481927710843,0.0344234079173838,0,7.3,8.3
00-0035703,M.Boykin,Miles Boykin,WR,WR,"https://static.www.nfl.com/image/private/f_auto,q_auto/league/yrvkhtd013c5nsv8az6w",PIT,2022,1,REG,0,0,0,0,0,0,0,0,0,0,0,0,,0,,,0,0,0,0,0,0,,0,0,1,0,0,0,0,35,0,0,-1.26255621714517,0,0,0.027027027027027,0.116279069767442,0.12193588937775,0,0,0
00-0035710,D.Jones,Daniel Jones,QB,QB,"https://static.www.nfl.com/image/private/f_auto,q_auto/league/af6nbjqa6qubnu8oi4ms",NYG,2022,1,REG,17,21,188,2,1,5,32,1,1,120,92,7,-7.88476793223526,1,1.56666666666667,0.0999058203082888,6,25,0,0,0,2,-0.325286851206329,0,0,0,0,0,0,0,0,0,0,,0,,,,,0,16.02,16.02
00-0035719,D.Samuel,Deebo Samuel,WR,WR,"https://static.www.nfl.com/image/private/f_auto,q_auto/league/ccgevhaduyc9llngcnlu",SF,2022,1,REG,0,0,0,0,0,0,0,0,0,0,0,0,,0,,,8,52,1,1,1,3,-4.06361529941205,0,2,8,14,0,0,0,33,16,0,-4.08088202844374,0,0.424242424242424,0.307692307692308,0.158653846153846,0.572596153846154,0,10.6,12.6
00-0035726,J.Johnson,Jakob Johnson,FB,RB,"https://static.www.nfl.com/image/private/f_auto,q_auto/league/nfbbcwzeoxpgpo088edv",LV,2022,1,REG,0,0,0,0,0,0,0,0,0,0,0,0,,0,,,0,0,0,0,0,0,,0,1,1,1,0,0,0,0,1,0,-0.787678326014429,0,0,0.0285714285714286,0,0.0428571428571429,0,0.1,1.1
00-0035823,B.Ellefson,Ben Ellefson,TE,TE,"https://static.www.nfl.com/image/private/f_auto,q_auto/league/obeiese68connhihpmln",MIN,2022,1,REG,0,0,0,0,0,0,0,0,0,0,0,0,,0,,,0,0,0,0,0,0,,0,1,1,2,0,0,0,1,1,0,-0.79209815338254,0,2,0.032258064516129,0.00617283950617284,0.0527080844285145,0,0.2,1.2
00-0035831,J.Robinson,James Robinson,RB,RB,"https://static.www.nfl.com/image/private/f_auto,q_auto/league/ljncffeh5fst4r98izx3",JAX,2022,1,REG,0,0,0,0,0,0,0,0,0,0,0,0,,0,,,11,66,1,0,0,3,1.19331505632726,0,1,2,3,1,0,0,1,0,1,0.816852775285952,0,3,0.0526315789473684,0.00272479564032698,0.0808547253692815,0,18.9,19.9
00-0036005,N.Togiai,Noah Togiai,TE,TE,"https://static.www.nfl.com/image/private/f_auto,q_auto/league/pm7vvod9z7hn5nokdajt",PHI,2022,1,REG,0,0,0,0,0,0,0,0,0,0,0,0,,0,,,0,0,0,0,0,0,,0,0,1,0,0,0,0,4,0,0,-0.640563539229333,0,0,0.0344827586206897,0.0310077519379845,0.0734295642876236,0,0,0
00-0036040,J.Johnson,Juwan Johnson,TE,TE,"https://static.www.nfl.com/image/private/f_auto,q_auto/league/kew8v8rgrtbefvnxpl0a",NO,2022,1,REG,0,0,0,0,0,0,0,0,0,0,0,0,,0,,,0,0,0,0,0,0,,0,2,5,43,0,0,0,56,10,1,0.144166862766724,0,0.767857142857143,0.15625,0.187919463087248,0.365918624161074,0,4.3,6.3
00-0036145,L.Cager,Lawrence Cager,WR,WR,"https://static.www.nfl.com/image/private/f_auto,q_auto/league/jxarqphcuinxe03biru2",NYJ,2022,1,REG,0,0,0,0,0,0,0,0,0,0,0,0,,0,,,0,0,0,0,0,0,,0,0,1,0,0,0,0,14,0,0,-6.81797308416572,0,0,0.0175438596491228,0.05,0.0613157894736842,0,0,0
00-0036182,N.Westbrook-Ikhine,Nick Westbrook-Ikhine,WR,WR,"https://static.www.nfl.com/image/private/f_auto,q_auto/league/qkfbmmwufx3fmqd9cth9",TEN,2022,1,REG,0,0,0,0,0,0,0,0,0,0,0,0,,0,,,0,0,0,0,0,0,,0,1,2,13,0,0,0,19,1,1,-0.61391765170265,0,0.68421052631579,0.0645161290322581,0.0655172413793104,0.142636262513904,0,1.3,2.3
00-0036196,G.Davis,Gabe Davis,WR,WR,"https://static.www.nfl.com/image/private/f_auto,q_auto/league/gybdtwydpj0rggczumgg",BUF,2022,1,REG,0,0,0,0,0,0,0,0,0,0,0,0,,0,,,0,0,0,0,0,0,,0,4,5,88,1,0,0,87,18,3,7.43456035480424,0,1.01149425287356,0.161290322580645,0.383259911894273,0.510217422196959,0,14.8,18.8
00-0036212,T.Tagovailoa,Tua Tagovailoa,QB,QB,"https://static.www.nfl.com/image/private/f_auto,q_auto/league/dyrrl1knhcxqjwuvhcwm",MIA,2022,1,REG,23,33,270,1,0,3,28,1,0,275,118,13,5.85633122842824,0,0.981818181818182,0.148791657435648,2,0,0,0,0,0,-4.34027224162128,0,0,0,0,0,0,0,0,0,0,,0,,,,,0,14.8,14.8
00-0036223,J.Taylor,Jonathan Taylor,RB,RB,"https://static.www.nfl.com/image/private/f_auto,q_auto/league/vts6mscfg5le5zugxbtj",IND,2022,1,REG,0,0,0,0,0,0,0,0,0,0,0,0,,0,,,31,161,1,0,0,9,4.87793588021305,0,4,7,14,0,0,0,-11,17,0,-9.96875849768375,0,-1.27272727272727,0.142857142857143,-0.0344827586206897,0.190147783251232,0,23.5,27.5
00-0036232,H.Bryant,Harrison Bryant,TE,TE,"https://static.www.nfl.com/image/private/f_auto,q_auto/league/rqva2z0by1veklpxnzis",CLE,2022,1,REG,0,0,0,0,0,0,0,0,0,0,0,0,,0,,,0,0,0,0,0,0,,0,2,4,18,0,0,0,54,3,1,0.866129779492465,0,0.333333333333333,0.133333333333333,0.237885462555066,0.366519823788546,0,1.8,3.8
00-0036233,D.Peoples-Jones,Donovan Peoples-Jones,WR,WR,"https://static.www.nfl.com/image/private/f_auto,q_auto/league/qpppihrztbzxktstufm0",CLE,2022,1,REG,0,0,0,0,0,0,0,0,0,0,0,0,,0,,,0,0,0,0,0,0,,0,6,11,60,0,0,0,87,1,3,-1.82950308102554,0,0.689655172413793,0.366666666666667,0.383259911894273,0.818281938325991,0,6,12
00-0036244,C.Parkinson,Colby Parkinson,TE,TE,"https://static.www.nfl.com/image/private/f_auto,q_auto/league/mjwnivk7htpl2ga5k6ui",SEA,2022,1,REG,0,0,0,0,0,0,0,0,0,0,0,0,,0,,,0,0,0,0,0,0,,0,2,2,43,1,0,0,29,14,2,4.59113422606606,0,1.48275862068966,0.0740740740740741,0.214814814814815,0.261481481481481,0,10.3,12.3
00-0036250,T.Davis,Tyler Davis,TE,TE,"https://static.www.nfl.com/image/private/f_auto,q_auto/league/xp6jjywef1hipnbkmszr",GB,2022,1,REG,0,0,0,0,0,0,0,0,0,0,0,0,,0,,,0,0,0,0,0,0,,0,1,1,3,0,0,0,1,2,0,-0.437104083131999,0,3,0.0285714285714286,0.00476190476190476,0.0461904761904762,0,0.3,1.3
00-0036251,Z.Moss,Zack Moss,RB,RB,"https://static.www.nfl.com/image/private/f_auto,q_auto/league/lhsxp1czwfg0thucvhtf",BUF,2022,1,REG,0,0,0,0,0,0,0,0,0,0,0,0,,0,,,6,15,0,1,1,1,-5.72838983224938,0,6,6,21,0,0,0,-1,22,0,-0.975315253832377,0,-21,0.193548387096774,-0.00440528634361234,0.287238880204633,0,1.6,7.6
00-0036252,M.Pittman,Michael Pittman,WR,WR,"https://static.www.nfl.com/image/private/f_auto,q_auto/league/mkhwsbbkzcjzp7hd8u5x",IND,2022,1,REG,0,0,0,0,0,0,0,0,0,0,0,0,,0,,,0,0,0,0,0,0,,0,9,13,121,1,0,0,113,44,7,8.11139502120204,0,1.07079646017699,0.26530612244898,0.35423197492163,0.64592156611861,0,18.1,27.1
00-0036259,J.Jennings,Jauan Jennings,WR,WR,"https://static.www.nfl.com/image/private/f_auto,q_auto/league/cqlktgcvfqbt8j8w6kel",SF,2022,1,REG,0,0,0,0,0,0,0,0,0,0,0,0,,0,,,0,0,0,0,0,0,,0,4,6,62,0,0,0,60,18,2,-0.273148515465437,0,1.03333333333333,0.230769230769231,0.288461538461538,0.548076923076923,0,6.2,10.2
00-0036261,B.Aiyuk,Brandon Aiyuk,WR,WR,"https://static.www.nfl.com/image/private/f_auto,q_auto/league/myd0hbdegadm0beryuxz",SF,2022,1,REG,0,0,0,0,0,0,0,0,0,0,0,0,,0,,,1,7,0,0,0,0,0.435245444066823,0,2,2,40,0,0,0,26,14,1,2.70394273567945,0,1.53846153846154,0.0769230769230769,0.125,0.202884615384615,0,4.7,6.7
00-0036264,J.Love,Jordan Love,QB,QB,"https://static.www.nfl.com/image/private/f_auto,q_auto/league/a6i6tjhn1gmiuer38l4p",GB,2022,1,REG,4,5,65,0,0,0,0,0,0,29,36,4,-0.309602131543215,0,2.24137931034483,0.14178191414442,0,0,0,0,0,0,,0,0,0,0,0,0,0,0,0,0,,0,,,,,0,2.6,2.6
00-0036265,A.Dillon,A.J. Dillon,RB,RB,"https://static.www.nfl.com/image/private/f_auto,q_auto/league/w270owegdowada3phhr2",GB,2022,1,REG,0,0,0,0,0,0,0,0,0,0,0,0,,0,,,10,45,1,0,0,4,-2.93237282952759,0,5,6,46,0,0,0,-4,45,2,2.03183338430244,0,-11.5,0.171428571428571,-0.0190476190476191,0.243809523809524,0,15.1,20.1
00-0036275,D.Swift,D'Andre Swift,RB,RB,"https://static.www.nfl.com/image/private/f_auto,q_auto/league/dtyenl0mb55yvh90ttoz",DET,2022,1,REG,0,0,0,0,0,0,0,0,0,0,0,0,,0,,,15,144,1,0,0,5,10.0138607246336,0,3,3,31,0,0,0,-10,41,2,2.39865548271337,0,-3.1,0.0810810810810811,-0.0326797385620915,0.0987458046281576,0,23.5,26.5
00-0036290,C.Kmet,Cole Kmet,TE,TE,"https://static.www.nfl.com/image/private/f_auto,q_auto/league/nhm40cko3e3njtfytqro",CHI,2022,1,REG,0,0,0,0,0,0,0,0,0,0,0,0,,0,,,0,0,0,0,0,0,,0,0,1,0,0,0,0,-4,0,0,-0.485309096053243,0,0,0.0588235294117647,-0.0246913580246914,0.0709513435003631,0,0,0
00-0036309,D.Mooney,Darnell Mooney,WR,WR,"https://static.www.nfl.com/image/private/f_auto,q_auto/league/fdnosrx5gylbgeuf6m4r",CHI,2022,1,REG,0,0,0,0,0,0,0,0,0,0,0,0,,0,,,0,0,0,0,0,0,,0,1,3,8,0,0,0,38,8,0,-3.34885500598466,0,0.210526315789474,0.176470588235294,0.234567901234568,0.428903413217139,0,0.8,1.8
00-0036322,J.Jefferson,Justin Jefferson,WR,WR,"https://static.www.nfl.com/image/private/f_auto,q_auto/league/zdstmm4sloqnichybgja",MIN,2022,1,REG,0,0,0,0,0,0,0,0,0,0,0,0,,0,,,0,0,0,0,0,0,,0,9,11,184,2,0,0,118,81,7,14.4920336313551,0,1.55932203389831,0.354838709677419,0.728395061728395,1.04213460772601,0,30.4,39.4
00-0036326,C.Claypool,Chase Claypool,WR,WR,"https://static.www.nfl.com/image/private/f_auto,q_auto/league/zxk0jfinayjjhguk83gw",PIT,2022,1,REG,0,0,0,0,0,0,0,0,0,0,0,0,,0,,,6,36,0,0,0,2,0.88173218499287,0,4,6,18,0,0,0,39,4,1,-0.409610752437152,0,0.461538461538462,0.162162162162162,0.129568106312292,0.333940917661848,0,5.4,9.4
00-0036328,A.Gibson,Antonio Gibson,RB,RB,"https://static.www.nfl.com/image/private/f_auto,q_auto/league/un4o255q07fjcbknndwn",WAS,2022,1,REG,0,0,0,0,0,0,0,0,0,0,0,0,,0,,,14,58,0,0,0,5,0.406071753706783,0,7,8,72,0,0,0,23,44,3,-1.52554353384767,0,3.1304347826087,0.195121951219512,0.0793103448275862,0.348200168208579,0,13,20
00-0036331,D.Duvernay,Devin Duvernay,WR,WR,"https://static.www.nfl.com/image/private/f_auto,q_auto/league/rvj5nmfasxafutemnvyx",BAL,2022,1,REG,0,0,0,0,0,0,0,0,0,0,0,0,,0,,,0,0,0,0,0,0,,0,4,4,54,2,0,0,47,7,2,7.64121834619436,0,1.14893617021277,0.137931034482759,0.133522727272727,0.300362460815047,0,17.4,21.4
00-0036332,J.Deguara,Josiah Deguara,TE,TE,"https://static.www.nfl.com/image/private/f_auto,q_auto/league/ytgijlfni4cyqs0zozhz",GB,2022,1,REG,0,0,0,0,0,0,0,0,0,0,0,0,,0,,,0,0,0,0,0,0,,0,2,2,28,0,0,0,18,10,2,0.0293870129971765,0,1.55555555555556,0.0571428571428571,0.0857142857142857,0.145714285714286,0,2.8,4.8
00-0036345,K.Osborn,K.J. Osborn,WR,WR,"https://static.www.nfl.com/image/private/f_auto,q_auto/league/p44nhjopxr4mwncbdx5l",MIN,2022,1,REG,0,0,0,0,0,0,0,0,0,0,0,0,,0,,,0,0,0,0,0,0,,0,3,4,14,0,0,0,23,1,0,-2.29140122448093,0,0.608695652173913,0.129032258064516,0.141975308641975,0.292931103146157,0,1.4,4.4
00-0036355,J.Herbert,Justin Herbert,QB,QB,"https://static.www.nfl.com/image/private/f_auto,q_auto/league/qknkhe4w6liovjubzmnh",LAC,2022,1,REG,26,34,279,3,0,0,0,0,0,235,120,12,14.9435669187183,0,1.18723404255319,0.205874853500761,4,1,0,0,0,0,-4.44939950725529,0,0,0,0,0,0,0,0,0,0,,0,,,,,0,23.26,23.26
00-0036358,C.Lamb,CeeDee Lamb,WR,WR,"https://static.www.nfl.com/image/private/f_auto,q_auto/league/f8elvw51jgvzf95weg1o",DAL,2022,1,REG,0,0,0,0,0,0,0,0,0,0,0,0,,0,,,0,0,0,0,0,0,,0,2,11,29,0,0,0,108,9,2,-4.84675312624313,0,0.268518518518519,0.268292682926829,0.297520661157025,0.610703487200161,0,2.9,4.9
00-0036360,C.Edwards-Helaire,Clyde Edwards-Helaire,RB,RB,"https://static.www.nfl.com/image/private/f_auto,q_auto/league/wjii8ls1n8e5gjf9ytnm",KC,2022,1,REG,0,0,0,0,0,0,0,0,0,0,0,0,,0,,,7,42,0,0,0,1,1.07343522866722,0,3,3,32,2,0,0,-10,42,3,6.22303478105459,0,-3.2,0.0769230769230769,-0.0328947368421053,0.0923582995951417,0,19.4,22.4
00-0036365,B.Edwards,Bryan Edwards,WR,WR,"https://static.www.nfl.com/image/private/f_auto,q_auto/league/hgluubcedtu0vmxjxrcf",ATL,2022,1,REG,0,0,0,0,0,0,0,0,0,0,0,0,,0,,,0,0,0,0,0,0,,0,0,1,0,0,0,0,9,0,0,-1.14932898269946,0,0,0.03125,0.0319148936170213,0.0692154255319149,0,0,0
00-0036370,J.Kelley,Joshua Kelley,RB,RB,"https://static.www.nfl.com/image/private/f_auto,q_auto/league/pkmbetcbkpd4gikkpa38",LAC,2022,1,REG,0,0,0,0,0,0,0,0,0,0,0,0,,0,,,4,21,0,0,0,2,0.115713807579596,0,2,2,14,0,0,0,7,7,1,1.11000252095982,0,2,0.0588235294117647,0.0297872340425532,0.109086357947434,0,3.5,5.5
00-0036383,E.Benjamin,Eno Benjamin,RB,RB,"https://static.www.nfl.com/image/private/f_auto,q_auto/league/xvtbawgh0kycl6caxrb5",ARI,2022,1,REG,0,0,0,0,0,0,0,0,0,0,0,0,,0,,,4,28,0,0,0,1,1.19103648385499,0,3,4,33,0,0,0,2,35,1,0.9495880419272,0,16.5,0.111111111111111,0.0075187969924812,0.171929824561404,0,6.1,9.1
00-0036389,J.Hurts,Jalen Hurts,QB,QB,"https://static.www.nfl.com/image/private/f_auto,q_auto/league/dnq0smzas3ifwi7sydu6",PHI,2022,1,REG,18,32,243,0,0,1,4,0,0,130,143,12,3.58032452941257,0,1.86923076923077,0.0945463769735909,17,90,1,0,0,6,9.86293536412995,0,0,0,0,0,0,0,0,0,0,,0,,,,,0,24.72,24.72
00-0036407,J.Jeudy,Jerry Jeudy,WR,WR,"https://static.www.nfl.com/image/private/f_auto,q_auto/league/by7fgv4x0iunsyx5ah2i",DEN,2022,1,REG,0,0,0,0,0,0,0,0,0,0,0,0,,0,,,0,0,0,0,0,0,,0,4,7,102,1,0,0,73,71,3,7.24113389424747,0,1.3972602739726,0.170731707317073,0.262589928057554,0.439910510615897,0,16.2,20.2
00-0036410,T.Higgins,Tee Higgins,WR,WR,"https://static.www.nfl.com/image/private/f_auto,q_auto/league/m8i5zbmmhqku4zsul3vj",CIN,2022,1,REG,0,0,0,0,0,0,0,0,0,0,0,0,,0,,,0,0,0,0,0,0,,0,2,2,27,0,0,0,18,9,2,1.97240137134213,0,1.5,0.0377358490566038,0.0504201680672269,0.0918978912319645,0,2.7,4.7
00-0036412,K.Hamler,K.J. Hamler,WR,WR,"https://static.www.nfl.com/image/private/f_auto,q_auto/league/t3lqvv3d2tn6syqqtrat",DEN,2022,1,REG,0,0,0,0,0,0,0,0,0,0,0,0,,0,,,0,0,0,0,0,0,,0,0,1,0,0,0,0,32,0,0,-0.645320900192019,0,0,0.024390243902439,0.115107913669065,0.117160905422004,0,0,0
00-0036414,C.Akers,Cam Akers,RB,RB,"https://static.www.nfl.com/image/private/f_auto,q_auto/league/mxqasyvni1bgyvxxhx4i",LA,2022,1,REG,0,0,0,0,0,0,0,0,0,0,0,0,,0,,,3,0,0,0,0,0,-1.58201616973383,0,0,0,0,0,0,0,0,0,0,,0,,,,,0,0,0
00-0036423,A.Okwuegbunam,Albert Okwuegbunam,TE,TE,"https://static.www.nfl.com/image/private/f_auto,q_auto/league/gjgfncu6hvkvp0on89tz",DEN,2022,1,REG,0,0,0,0,0,0,0,0,0,0,0,0,,0,,,0,0,0,0,0,0,,0,5,6,33,0,0,0,7,22,2,1.53699861088535,0,4.71428571428571,0.146341463414634,0.0251798561151079,0.237138094402527,0,3.3,8.3
00-0036442,J.Burrow,Joe Burrow,QB,QB,"https://static.www.nfl.com/image/private/f_auto,q_auto/league/pbl27kxsr5ulgxmvtvfn",CIN,2022,1,REG,33,53,338,2,4,7,39,2,1,357,192,22,-17.1783658955724,1,0.946778711484594,0.0198910070124688,6,47,0,0,0,3,1.62904718716163,0,0,0,0,0,0,0,0,0,0,,0,,,,,0,18.22,18.22
00-0036482,M.Strachan,Mike Strachan,WR,WR,"https://static.www.nfl.com/image/private/f_auto,q_auto/league/f0eepzx0zweaaoch5xfj",IND,2022,1,REG,0,0,0,0,0,0,0,0,0,0,0,0,,0,,,0,0,0,0,0,0,,0,2,2,36,0,0,0,26,10,2,2.88420789304655,0,1.38461538461538,0.0408163265306122,0.0815047021943574,0.118277781331969,0,3.6,5.6
00-0036550,R.Bateman,Rashod Bateman,WR,WR,"https://static.www.nfl.com/image/private/f_auto,q_auto/league/rxkbjfe1pdmlvp1vd6i5",BAL,2022,1,REG,0,0,0,0,0,0,0,0,0,0,0,0,,0,,,0,0,0,0,0,0,,0,2,5,59,1,0,0,108,12,1,1.04236245527864,0,0.546296296296296,0.172413793103448,0.306818181818182,0.4733934169279,0,11.9,13.9
00-0036554,N.Collins,Nico Collins,WR,WR,"https://static.www.nfl.com/image/private/f_auto,q_auto/league/mo63xdi05pkyzyggozwg",HOU,2022,1,REG,0,0,0,0,0,0,0,0,0,0,0,0,,0,,,0,0,0,0,0,0,,0,2,3,26,0,0,0,34,7,1,-2.11439399399056,0,0.764705882352941,0.0833333333333333,0.129277566539924,0.215494296577947,0,2.6,4.6
00-0036555,C.Hubbard,Chuba Hubbard,RB,RB,"https://static.www.nfl.com/image/private/f_auto,q_auto/league/t4fgherebb4wc3mtyfrk",CAR,2022,1,REG,0,0,0,0,0,0,0,0,0,0,0,0,,0,,,1,3,0,0,0,0,-0.614427178632468,0,0,0,0,0,0,0,0,0,0,,0,,,,,0,0.3,0.3
00-0036556,B.Jordan,Brevin Jordan,TE,TE,"https://static.www.nfl.com/image/private/f_auto,q_auto/league/jq0vmujycrgmnqlevj4b",HOU,2022,1,REG,0,0,0,0,0,0,0,0,0,0,0,0,,0,,,0,0,0,0,0,0,,0,1,2,5,0,0,0,7,1,1,0.753805963962805,0,0.714285714285714,0.0555555555555556,0.026615969581749,0.101964512040558,0,0.5,1.5
00-0036567,E.Mitchell,Elijah Mitchell,RB,RB,"https://static.www.nfl.com/image/private/f_auto,q_auto/league/csra0oiqwh6i2utjdlud",SF,2022,1,REG,0,0,0,0,0,0,0,0,0,0,0,0,,0,,,6,41,0,0,0,2,1.12799943075515,0,0,0,0,0,0,0,0,0,0,,0,,,,,0,4.1,4.1
00-0036572,S.Smith,Shi Smith,WR,WR,"https://static.www.nfl.com/image/private/f_auto,q_auto/league/dreb8ikx3agnwicj9woi",CAR,2022,1,REG,0,0,0,0,0,0,0,0,0,0,0,0,,0,,,0,0,0,0,0,0,,0,1,3,12,0,0,0,24,12,1,-2.49909011996351,0,0.5,0.12,0.143712574850299,0.28059880239521,0,1.2,2.2
00-0036613,J.Waddle,Jaylen Waddle,WR,WR,"https://static.www.nfl.com/image/private/f_auto,q_auto/league/nlneyg7usy4pn9psbnru",MIA,2022,1,REG,0,0,0,0,0,0,0,0,0,0,0,0,,0,,,1,8,0,0,0,0,0.588994650635868,0,4,5,69,1,0,0,52,30,3,8.4784225342446,0,1.32692307692308,0.161290322580645,0.2,0.381935483870968,0,13.7,17.7
00-0036620,D.Eskridge,D'Wayne Eskridge,WR,WR,"https://static.www.nfl.com/image/private/f_auto,q_auto/league/lwg4cpbjcdcgoru2emht",SEA,2022,1,REG,0,0,0,0,0,0,0,0,0,0,0,0,,0,,,0,0,0,0,0,0,,0,1,2,0,0,0,0,5,5,0,0.264228403102607,0,0,0.0740740740740741,0.037037037037037,0.137037037037037,0,0,1
00-0036628,J.Bates,John Bates,TE,TE,"https://static.www.nfl.com/image/private/f_auto,q_auto/league/uhuncx8qb6b3grbfztg8",WAS,2022,1,REG,0,0,0,0,0,0,0,0,0,0,0,0,,0,,,0,0,0,0,0,0,,0,0,1,0,0,0,0,3,0,0,-1.85458772722632,0,0,0.024390243902439,0.0103448275862069,0.0438267451640034,0,0,0
00-0036630,T.Wallace,Tylan Wallace,WR,WR,"https://static.www.nfl.com/image/private/f_auto,q_auto/league/oqnsfzjlifv4ds6sgwew",BAL,2022,1,REG,0,0,0,0,0,0,0,0,0,0,0,0,,0,,,0,0,0,0,0,0,,0,0,1,0,0,0,0,36,0,0,-0.754996923496947,0,0,0.0344827586206897,0.102272727272727,0.123315047021944,0,0,0
00-0036637,N.Gray,Noah Gray,TE,TE,"https://static.www.nfl.com/image/private/f_auto,q_auto/league/rspbrsndlngbhc78ldow",KC,2022,1,REG,0,0,0,0,0,0,0,0,0,0,0,0,,0,,,0,0,0,0,0,0,,0,1,2,10,0,0,0,14,2,1,0.693183502997272,0,0.714285714285714,0.0512820512820513,0.0460526315789474,0.10915991902834,0,1,2
00-0036646,S.Fehoko,Simi Fehoko,WR,WR,"https://static.www.nfl.com/image/private/f_auto,q_auto/league/ua8ymzpfwsoibof6cpwp",DAL,2022,1,REG,0,0,0,0,0,0,0,0,0,0,0,0,,0,,,0,0,0,0,0,0,,0,2,3,12,0,0,0,43,6,0,-1.95529404754052,0,0.27906976744186,0.0731707317073171,0.118457300275482,0.192676207753813,0,1.2,3.2
00-0036654,D.Felton,Demetric Felton,RB,RB,"https://static.www.nfl.com/image/private/f_auto,q_auto/league/pfjsjpzj2f9cn39xqde2",CLE,2022,1,REG,0,0,0,0,0,0,0,0,0,0,0,0,,0,,,0,0,0,0,0,0,,0,0,1,0,0,0,0,12,0,0,-0.642523349262774,0,0,0.0333333333333333,0.052863436123348,0.0870044052863436,0,0,0
00-0036671,D.Milne,Dax Milne,WR,WR,"https://static.www.nfl.com/image/private/f_auto,q_auto/league/ze864mnbymqdyvcsixw2",WAS,2022,1,REG,0,0,0,0,0,0,0,0,0,0,0,0,,0,,,0,0,0,0,0,0,,0,0,1,0,0,0,0,14,0,0,-0.621108932769857,0,0,0.024390243902439,0.0482758620689655,0.0703784693019344,0,0,0
00-0036849,T.Atwell,Tutu Atwell,WR,WR,"https://static.www.nfl.com/image/private/f_auto,q_auto/league/in2kbm5hsnkjsfbteoee",LA,2022,1,REG,0,0,0,0,0,0,0,0,0,0,0,0,,0,,,0,0,0,0,0,0,,0,0,1,0,0,0,0,5,0,0,-0.771847519557923,0,0,0.024390243902439,0.0209205020920502,0.0512297173180937,0,0,0
00-0036862,B.Skowronek,Ben Skowronek,WR,WR,"https://static.www.nfl.com/image/private/f_auto,q_auto/league/hud5c4tf8corgoehrvc1",LA,2022,1,REG,0,0,0,0,0,0,0,0,0,0,0,0,,0,,,0,0,0,0,0,0,,0,4,6,25,0,0,0,66,9,2,-0.0119512402452528,0,0.378787878787879,0.146341463414634,0.276150627615063,0.412817634452495,0,2.5,6.5
00-0036875,R.Stevenson,Rhamondre Stevenson,RB,RB,"https://static.www.nfl.com/image/private/f_auto,q_auto/league/ro2fqabc4qndtnxykvm7",NE,2022,1,REG,0,0,0,0,0,0,0,0,0,0,0,0,,0,,,8,25,0,0,0,2,-1.07479412935209,0,2,2,2,0,0,0,-6,8,0,-1.25600377121009,0,-0.333333333333333,0.0666666666666667,-0.021505376344086,0.0849462365591398,0,2.7,4.7
00-0036876,K.Granson,Kylen Granson,TE,TE,"https://static.www.nfl.com/image/private/f_auto,q_auto/league/t3lbs3ss6y4mto2lkjjh",IND,2022,1,REG,0,0,0,0,0,0,0,0,0,0,0,0,,0,,,0,0,0,0,0,0,,0,3,7,22,0,0,0,37,12,1,-1.44384940329473,0,0.594594594594595,0.142857142857143,0.115987460815047,0.295476936856247,0,2.2,5.2
00-0036877,J.Darden,Jaelon Darden,WR,WR,"https://static.www.nfl.com/image/private/f_auto,q_auto/league/ugenledglglgtmnz378y",TB,2022,1,REG,0,0,0,0,0,0,0,0,0,0,0,0,,0,,,1,2,0,0,0,0,-0.40466010873206,0,0,0,0,0,0,0,0,0,0,,0,,,,,0,0.2,0.2
00-0036893,N.Harris,Najee Harris,RB,RB,"https://static.www.nfl.com/image/private/f_auto,q_auto/league/lwcct10u7lfzsgtaoqce",PIT,2022,1,REG,0,0,0,0,0,0,0,0,0,0,0,0,,0,,,10,23,0,0,0,1,-3.24395510734757,0,2,2,3,1,0,0,-4,7,1,0.4986932395841,0,-0.75,0.0540540540540541,-0.0132890365448505,0.0717787554996857,0,8.6,10.6
00-0036894,P.Freiermuth,Pat Freiermuth,TE,TE,"https://static.www.nfl.com/image/private/f_auto,q_auto/league/mcmq0fne7lzmd4ymuonx",PIT,2022,1,REG,0,0,0,0,0,0,0,0,0,0,0,0,,0,,,0,0,0,0,0,0,,0,5,10,75,0,0,0,74,28,3,-0.830541830165839,0,1.01351351351351,0.27027027027027,0.245847176079734,0.577498428661219,0,7.5,12.5
00-0036898,D.Mills,Davis Mills,QB,QB,"https://static.www.nfl.com/image/private/f_auto,q_auto/league/objv34ak0xhzjvixm5sr",HOU,2022,1,REG,23,37,240,2,0,3,18,1,1,266,81,12,-6.4648378970884,0,0.902255639097744,-0.000922608365088473,2,-1,0,0,0,0,-0.302942674839869,0,0,0,0,0,0,0,0,0,0,,0,,,,,0,15.5,15.5
00-0036900,J.Chase,Ja'Marr Chase,WR,WR,"https://static.www.nfl.com/image/private/f_auto,q_auto/league/hwrzdfsng9bh4tba7uoe",CIN,2022,1,REG,0,0,0,0,0,0,0,0,0,0,0,0,,0,,,0,0,0,0,0,0,,0,10,16,129,1,0,0,108,64,10,8.57573588185308,0,1.19444444444444,0.30188679245283,0.302521008403361,0.664594894561598,0,18.9,28.9
00-0036906,K.Herbert,Khalil Herbert,RB,RB,"https://static.www.nfl.com/image/private/f_auto,q_auto/league/dua1pjsu1lyxcfvymslq",CHI,2022,1,REG,0,0,0,0,0,0,0,0,0,0,0,0,,0,,,9,45,1,0,0,3,4.3601034868625,0,1,1,-2,0,0,0,-1,-1,0,-1.0271602307912,0,2,0.0588235294117647,-0.00617283950617284,0.0839143064633261,0,10.3,11.3
00-0036912,D.Smith,DeVonta Smith,WR,WR,"https://static.www.nfl.com/image/private/f_auto,q_auto/league/hol7dluumxi1cqxyagg3",PHI,2022,1,REG,0,0,0,0,0,0,0,0,0,0,0,0,,0,,,0,0,0,0,0,0,,0,0,4,0,0,0,0,23,0,0,-4.83345587248914,0,0,0.137931034482759,0.178294573643411,0.331702753274526,0,0,0
00-0036913,K.Toney,Kadarius Toney,WR,WR,"https://static.www.nfl.com/image/private/f_auto,q_auto/league/dioxbhcty68ufkn5jso4",NYG,2022,1,REG,0,0,0,0,0,0,0,0,0,0,0,0,,0,,,2,23,0,0,0,1,1.05821433238452,0,0,0,0,0,0,0,0,0,0,,0,,,,,0,2.3,2.3
00-0036919,K.Gainwell,Kenneth Gainwell,RB,RB,"https://static.www.nfl.com/image/private/f_auto,q_auto/league/s8prgy9fa6ldmp7apoeb",PHI,2022,1,REG,0,0,0,0,0,0,0,0,0,0,0,0,,0,,,5,20,1,0,0,2,1.24256471241824,0,2,4,12,0,0,0,-1,12,1,-1.30945066636195,0,-12,0.137931034482759,-0.00775193798449612,0.201470195134991,0,9.2,11.2
00-0036924,M.Carter,Michael Carter,RB,RB,"https://static.www.nfl.com/image/private/f_auto,q_auto/league/wkcmseo5ayu4wydu1xig",NYJ,2022,1,REG,0,0,0,0,0,0,0,0,0,0,0,0,,0,,,10,60,0,0,0,2,-1.36152343970025,0,7,9,40,0,0,0,-1,45,3,-2.73409553387319,0,-40,0.157894736842105,-0.00357142857142857,0.234342105263158,0,10,17
00-0036945,J.Fields,Justin Fields,QB,QB,"https://static.www.nfl.com/image/private/f_auto,q_auto/league/wllk6sizrqmxhcjavard",CHI,2022,1,REG,8,17,121,2,1,2,16,0,0,162,67,4,-1.69568992010318,0,0.746913580246914,0.0110343394514225,11,28,0,0,0,3,2.58986058231676,0,0,0,0,0,0,0,0,0,0,,0,,,,,0,13.64,13.64
00-0036950,A.Williams,Avery Williams,RB,RB,"https://static.www.nfl.com/image/private/f_auto,q_auto/league/vklxheixuozmpqk2emyw",ATL,2022,1,REG,0,0,0,0,0,0,0,0,0,0,0,0,,0,,,2,7,0,0,0,0,-0.228459233185276,0,1,1,8,0,0,0,-7,15,0,0.584411042509601,0,-1.14285714285714,0.03125,-0.024822695035461,0.0294991134751773,0,1.5,2.5
00-0036963,A.St. Brown,Amon-Ra St. Brown,WR,WR,"https://static.www.nfl.com/image/private/f_auto,q_auto/league/tlas9vqczunxkpb2jlz1",DET,2022,1,REG,0,0,0,0,0,0,0,0,0,0,0,0,,0,,,0,0,0,0,0,0,,0,8,12,64,1,0,0,65,31,3,-0.0533402735018171,0,0.984615384615385,0.324324324324324,0.212418300653595,0.635179296944003,0,12.4,20.4
00-0036970,K.Pitts,Kyle Pitts,TE,TE,"https://static.www.nfl.com/image/private/f_auto,q_auto/league/a7cd9grdzdnocrreecja",ATL,2022,1,REG,0,0,0,0,0,0,0,0,0,0,0,0,,0,,,0,0,0,0,0,0,,0,2,7,19,0,0,0,93,6,1,-1.58248869225462,0,0.204301075268817,0.21875,0.329787234042553,0.558976063829787,0,1.9,3.9
00-0036971,T.Lawrence,Trevor Lawrence,QB,QB,"https://static.www.nfl.com/image/private/f_auto,q_auto/league/nel2x2crpaasltsb6vwj",JAX,2022,1,REG,24,42,275,1,1,2,15,0,0,366,84,13,0.122345704292241,0,0.751366120218579,0.0813965193034324,2,4,0,0,0,0,-0.316389150044415,0,0,0,0,0,0,0,0,0,0,,0,,,,,0,13.4,13.4
00-0036972,M.Jones,Mac Jones,QB,QB,"https://static.www.nfl.com/image/private/f_auto,q_auto/league/hhexcwf5oe7onhlemzq9",NE,2022,1,REG,21,30,213,1,1,2,20,1,1,279,87,10,-4.49352061748505,0,0.763440860215054,0.0636637774411443,2,0,0,0,0,0,-0.932163521414623,0,0,0,0,0,0,0,0,0,0,,0,,,,,0,8.52,8.52
00-0036973,T.Etienne,Travis Etienne,RB,RB,"https://static.www.nfl.com/image/private/f_auto,q_auto/league/d8xhoicgjybtyvttcxhu",JAX,2022,1,REG,0,0,0,0,0,0,0,0,0,0,0,0,,0,,,4,47,0,0,0,2,1.9169708545669,0,2,4,18,0,1,0,30,2,1,-2.98218475515023,0,0.6,0.105263157894737,0.0817438692098093,0.215115445288972,0,6.5,8.5
00-0036980,E.Moore,Elijah Moore,WR,WR,"https://static.www.nfl.com/image/private/f_auto,q_auto/league/rk7rq0dyx9bjmgc6ijkj",NYJ,2022,1,REG,0,0,0,0,0,0,0,0,0,0,0,0,,0,,,0,0,0,0,0,0,,0,5,7,49,0,0,0,57,16,3,3.5649217828234,0,0.859649122807018,0.12280701754386,0.203571428571429,0.326710526315789,0,4.9,9.9
00-0036988,J.Palmer,Josh Palmer,WR,WR,"https://static.www.nfl.com/image/private/f_auto,q_auto/league/jwagrm3bpslarha2w5db",LAC,2022,1,REG,0,0,0,0,0,0,0,0,0,0,0,0,,0,,,1,4,0,0,0,1,0.726856680004858,0,3,4,5,0,0,0,10,8,0,-1.91703789110761,0,0.5,0.117647058823529,0.0425531914893617,0.206257822277847,0,0.9,3.9
00-0036997,J.Williams,Javonte Williams,RB,RB,"https://static.www.nfl.com/image/private/f_auto,q_auto/league/lxqhhqj4n9dh6s5z2zlx",DEN,2022,1,REG,0,0,0,0,0,0,0,0,0,0,0,0,,0,,,7,43,0,1,1,3,-5.17238242499298,0,11,12,65,0,0,0,-6,85,3,1.18805362969566,0,-10.8333333333333,0.292682926829268,-0.0215827338129496,0.423916476574838,0,8.8,19.8
00-0036999,A.Schwartz,Anthony Schwartz,WR,WR,"https://static.www.nfl.com/image/private/f_auto,q_auto/league/d3fevlbhovuxq07tivu9",CLE,2022,1,REG,0,0,0,0,0,0,0,0,0,0,0,0,,0,,,2,20,0,0,0,1,1.10436084354296,0,1,2,19,0,0,0,20,5,1,1.2761270313058,0,0.95,0.0666666666666667,0.0881057268722467,0.161674008810573,0,3.9,4.9
00-0037005,T.Tremble,Tommy Tremble,TE,TE,"https://static.www.nfl.com/image/private/f_auto,q_auto/league/vpqlvxfayuc7fprrywd1",CAR,2022,1,REG,0,0,0,0,0,0,0,0,0,0,0,0,,0,,,0,0,0,0,0,0,,0,1,1,1,0,0,0,-1,2,0,-0.0835485553252511,0,0,0.04,-0.00598802395209581,0.0558083832335329,0,0.1,1.1
00-0037011,T.McKitty,Tre' McKitty,TE,TE,"https://static.www.nfl.com/image/private/f_auto,q_auto/league/xtswy0ttye0zttnzxgbr",LAC,2022,1,REG,0,0,0,0,0,0,0,0,0,0,0,0,,0,,,0,0,0,0,0,0,,0,3,4,24,0,1,0,14,13,0,-0.0882667370606214,0,1.71428571428571,0.117647058823529,0.0595744680851064,0.218172715894869,0,2.4,5.4
00-0037012,T.Lance,Trey Lance,QB,QB,"https://static.www.nfl.com/image/private/f_auto,q_auto/league/wyd6t28jc7wwg5vyseoc",SF,2022,1,REG,13,28,164,0,1,2,9,0,0,201,57,5,-9.12234195836053,0,0.81592039800995,-0.0813108357843347,13,54,0,1,0,6,3.82995619642315,0,0,0,0,0,0,0,0,0,0,,0,,,,,0,9.96,9.96
00-0037168,A.Rogers,Armani Rogers,TE,TE,,WAS,2022,1,REG,0,0,0,0,0,0,0,0,0,0,0,0,,0,,,0,0,0,0,0,0,,0,1,1,23,0,0,0,-4,27,1,1.33785294892732,0,0,0.024390243902439,-0.0137931034482759,0.0269301934398654,0,2.3,3.3
00-0037197,I.Pacheco,Isiah Pacheco,RB,RB,"https://static.www.nfl.com/image/private/f_auto,q_auto/league/s9suhdxobh0p5nbwxq8t",KC,2022,1,REG,0,0,0,0,0,0,0,0,0,0,0,0,,0,,,12,62,1,1,0,4,0.162046623154311,0,0,0,0,0,0,0,0,0,0,,0,,,,,0,12.2,12.2
00-0037228,J.Warren,Jaylen Warren,RB,RB,,PIT,2022,1,REG,0,0,0,0,0,0,0,0,0,0,0,0,,0,,,3,7,0,0,0,0,-1.17244523135014,0,0,1,0,0,0,0,-5,0,0,-0.487963546533138,0,0,0.027027027027027,-0.0166112956810631,0.0289126335637964,0,0.7,0.7
00-0037238,D.London,Drake London,WR,WR,"https://static.www.nfl.com/image/private/f_auto,q_auto/league/rrwzcsvsfqq9xptp8o48",ATL,2022,1,REG,0,0,0,0,0,0,0,0,0,0,0,0,,0,,,0,0,0,0,0,0,,0,5,7,74,0,0,0,88,18,3,4.13048705920336,0,0.840909090909091,0.21875,0.312056737588653,0.546564716312057,0,7.4,12.4
00-0037239,C.Olave,Chris Olave,WR,WR,"https://static.www.nfl.com/image/private/f_auto,q_auto/league/fh4mzrgbiqemhomzpukt",NO,2022,1,REG,0,0,0,0,0,0,0,0,0,0,0,0,,0,,,0,0,0,0,0,0,,0,3,3,41,0,0,0,38,3,2,3.63106458316444,1,1.07894736842105,0.09375,0.12751677852349,0.229886744966443,0,6.1,9.1
00-0037247,G.Pickens,George Pickens,WR,WR,,PIT,2022,1,REG,0,0,0,0,0,0,0,0,0,0,0,0,,0,,,0,0,0,0,0,0,,0,1,3,3,0,0,0,47,0,0,-1.97691621514969,0,0.0638297872340426,0.0810810810810811,0.156146179401993,0.230923947203017,0,0.3,1.3
00-0037248,J.Cook,James Cook,RB,RB,"https://static.www.nfl.com/image/private/f_auto,q_auto/league/hh0bnf0lr6lzwyceorwj",BUF,2022,1,REG,0,0,0,0,0,0,0,0,0,0,0,0,,0,,,1,2,0,1,1,0,-4.82523469836451,0,0,0,0,0,0,0,0,0,0,,0,,,,,0,-1.8,-1.8
00-0037256,R.White,Rachaad White,RB,RB,,TB,2022,1,REG,0,0,0,0,0,0,0,0,0,0,0,0,,0,,,6,14,0,0,0,1,-0.960954545473214,0,2,2,7,0,0,0,0,7,0,-0.565563564072363,0,0,0.0740740740740741,0,0.111111111111111,0,2.1,4.1
00-0037258,D.Pierce,Dameon Pierce,RB,RB,"https://static.www.nfl.com/image/private/f_auto,q_auto/league/ha8dflxsj1egza1sxbzb",HOU,2022,1,REG,0,0,0,0,0,0,0,0,0,0,0,0,,0,,,11,33,0,0,0,2,-1.93746709427796,0,1,1,6,0,0,0,3,3,0,-0.0114177735522389,0,2,0.0277777777777778,0.0114068441064639,0.0496514575411914,0,3.9,4.9
00-0037273,K.Philips,Kyle Philips,WR,WR,,TEN,2022,1,REG,0,0,0,0,0,0,0,0,0,0,0,0,,0,,,0,0,0,0,0,0,,0,6,9,66,0,0,0,75,10,3,1.03907553572208,0,0.88,0.290322580645161,0.258620689655172,0.616518353726363,0,6.6,12.6
00-0037331,Z.Horvath,Zander Horvath,RB,RB,"https://static.www.nfl.com/image/private/f_auto,q_auto/league/e1sx0c4mtcm09gavjs7s",LAC,2022,1,REG,0,0,0,0,0,0,0,0,0,0,0,0,,0,,,1,2,0,0,0,1,0.508119004080072,0,2,2,6,1,0,0,5,1,1,1.18544735701289,0,1.2,0.0588235294117647,0.0212765957446809,0.103128911138924,0,6.8,8.8
00-0037456,T.Hairston,Troy Hairston,DE,DL,"https://static.www.nfl.com/image/private/f_auto,q_auto/league/kja7vbsm7kdrgfzacdzv",HOU,2022,1,REG,0,0,0,0,0,0,0,0,0,0,0,0,,0,,,0,0,0,0,0,0,,0,1,1,5,0,0,0,4,1,0,0.146766353398561,0,1.25,0.0277777777777778,0.0152091254752852,0.0523130544993663,0,0.5,1.5
00-0037570,D.Houston,Dennis Houston,WR,WR,"https://static.www.nfl.com/image/private/f_auto,q_auto/league/ntwyweqyunzbfxtaa3ue",DAL,2022,1,REG,0,0,0,0,0,0,0,0,0,0,0,0,,0,,,0,0,0,0,0,0,,0,2,5,16,0,0,0,72,6,0,-3.72709684050642,0,0.222222222222222,0.121951219512195,0.198347107438017,0.321769804474904,0,1.6,3.6
00-0037664,A.Pierce,Alec Pierce,WR,WR,"https://static.www.nfl.com/image/private/f_auto,q_auto/league/em0lm1sfdslmnfyu8ykh",IND,2022,1,REG,0,0,0,0,0,0,0,0,0,0,0,0,,0,,,0,0,0,0,0,0,,0,0,2,0,0,0,0,15,0,0,-2.22756658407161,0,0,0.0408163265306122,0.0470219435736677,0.0941398502974858,0,0,0
00-0037740,G.Wilson,Garrett Wilson,WR,WR,,NYJ,2022,1,REG,0,0,0,0,0,0,0,0,0,0,0,0,,0,,,0,0,0,0,0,0,,0,4,8,52,0,0,0,60,19,2,2.81135608180193,0,0.866666666666667,0.140350877192982,0.214285714285714,0.360526315789474,0,5.2,9.2
00-0037741,J.Dotson,Jahan Dotson,WR,WR,,WAS,2022,1,REG,0,0,0,0,0,0,0,0,0,0,0,0,,0,,,1,-10,0,0,0,0,-1.45501407119446,0,3,5,40,2,0,0,68,1,2,1.95965229172725,0,0.588235294117647,0.121951219512195,0.23448275862069,0.347064760302775,0,15,18
00-0037742,T.Burks,Treylon Burks,WR,WR,,TEN,2022,1,REG,0,0,0,0,0,0,0,0,0,0,0,0,,0,,,0,0,0,0,0,0,,0,3,5,55,0,0,0,99,30,2,2.07011818046157,0,0.555555555555556,0.161290322580645,0.341379310344828,0.480901001112347,0,5.5,8.5
00-0037809,C.Okonkwo,Chigoziem Okonkwo,TE,TE,,TEN,2022,1,REG,0,0,0,0,0,0,0,0,0,0,0,0,,0,,,1,-4,0,0,0,0,-2.42728703375906,0,1,1,11,0,0,0,11,0,1,1.3324601824861,0,1,0.032258064516129,0.0379310344827586,0.0749388209121246,0,0.7,1.7
00-0037816,R.Doubs,Romeo Doubs,WR,WR,"https://static.www.nfl.com/image/private/f_auto,q_auto/league/wciz0bsjd4bedpiwggog",GB,2022,1,REG,0,0,0,0,0,0,0,0,0,0,0,0,,0,,,1,11,0,0,0,1,0.518284689751454,0,4,5,37,0,0,0,48,6,1,1.34972287458368,0,0.770833333333333,0.142857142857143,0.228571428571429,0.374285714285714,0,4.8,8.8
00-0037838,I.Likely,Isaiah Likely,TE,TE,"https://static.www.nfl.com/image/private/f_auto,q_auto/league/yim14kgskufmu8sfowvg",BAL,2022,1,REG,0,0,0,0,0,0,0,0,0,0,0,0,,0,,,0,0,0,0,0,0,,0,0,4,0,0,0,0,19,0,0,-4.43068264017816,0,0,0.137931034482759,0.0539772727272727,0.244680642633229,0,0,0
00-0038090,S.Moore,Skyy Moore,WR,WR,"https://static.www.nfl.com/image/private/f_auto,q_auto/league/nkvb3cfmw6kzzwvu5egh",KC,2022,1,REG,0,0,0,0,0,0,0,0,0,0,0,0,,0,,,0,0,0,0,0,0,,0,1,1,30,0,0,0,15,15,1,2.46455238974886,0,2,0.0256410256410256,0.0493421052631579,0.073001012145749,0,3,4
00-0038117,W.Robinson,Wan'Dale Robinson,WR,WR,,NYG,2022,1,REG,0,0,0,0,0,0,0,0,0,0,0,0,,0,,,0,0,0,0,0,0,,0,1,1,5,0,0,0,5,0,1,1.36254190606996,0,1,0.0476190476190476,0.0416666666666667,0.100595238095238,0,0.5,1.5
00-0038120,B.Hall,Breece Hall,RB,RB,,NYJ,2022,1,REG,0,0,0,0,0,0,0,0,0,0,0,0,,0,,,6,23,0,0,0,1,-1.40741381287808,0,6,10,38,0,1,1,15,30,2,-6.05711540207267,0,2.53333333333333,0.175438596491228,0.0535714285714286,0.300657894736842,0,4.1,10.1
00-0038124,C.Watson,Christian Watson,WR,WR,"https://static.www.nfl.com/image/private/f_auto,q_auto/league/gvusv3krvdk69c1zyac9",GB,2022,1,REG,0,0,0,0,0,0,0,0,0,0,0,0,,0,,,1,7,0,0,0,0,0.470463796809781,0,2,4,34,0,0,0,59,20,1,-1.49309674350661,0,0.576271186440678,0.114285714285714,0.280952380952381,0.368095238095238,0,4.1,6.1
